<?xml version = '1.0' encoding = 'UTF-8'?>
<Diagram class="oracle.dbtools.crest.swingui.logical.DPVLogical" name="Logical" id="2E8E11BE-96E8-46C8-DD37-EDE2E07A5A8C">
<createdBy>logonrmlocal</createdBy>
<modifiedBy>logonrmlocal</modifiedBy>
<createdTime>2024-04-08 11:03:30 UTC</createdTime>
<autoRoute>false</autoRoute>
<boxInbox>true</boxInbox>
<showLegend>false</showLegend>
<showLabels>false</showLabels>
<showRelAttributes>false</showRelAttributes>
<gridEnabled>false</gridEnabled>
<showGrid>false</showGrid>
<diagramColor>-1</diagramColor>
<display>false</display>
<notation>1</notation>
<objectViews>
<OView class="oracle.dbtools.crest.swingui.logical.TVEntity" oid="6B317627-4FB5-13A3-D277-8280944485B8" otype="Entity" vid="0E0B8A2E-7842-1044-F34A-8D946014BC21">
<hideElementsInCurrentOnly>false</hideElementsInCurrentOnly>
<bounds x="182" y="222" width="170" height="110"/>
</OView>
<OView class="oracle.dbtools.crest.swingui.logical.TVEntity" oid="C0249F13-CF02-B385-6336-09EA3443A4D4" otype="Entity" vid="5BC05FD7-651C-2245-240C-BD03D5EBB70D">
<hideElementsInCurrentOnly>false</hideElementsInCurrentOnly>
<bounds x="227" y="414" width="103" height="82"/>
</OView>
<OView class="oracle.dbtools.crest.swingui.logical.TVEntity" oid="C319AA30-7114-9093-BCA6-CA0E627C43F2" otype="Entity" vid="6C7544EA-5DD3-D361-B5C9-88D5892650C6">
<hideElementsInCurrentOnly>false</hideElementsInCurrentOnly>
<bounds x="508" y="233" width="125" height="54"/>
</OView>
</objectViews>
<connectors>
<Connector class="oracle.dbtools.crest.swingui.logical.TVRelation" oid="1F2CD886-AB2F-50BB-CECF-3843088290FB" otype="Relation" vid_source="0E0B8A2E-7842-1044-F34A-8D946014BC21" vid_target="5BC05FD7-651C-2245-240C-BD03D5EBB70D">
<hideElementsInCurrentOnly>false</hideElementsInCurrentOnly>
<backgroundColor>-16777216</backgroundColor>
<lineWidth>1</lineWidth>
<points>
<point x="278" y="332"/>
<point x="278" y="414"/>
</points>
</Connector>
<Connector class="oracle.dbtools.crest.swingui.logical.TVRelation" oid="D989A8F4-780C-7CAC-A38C-C7DE0A8BC19D" otype="Relation" vid_source="6C7544EA-5DD3-D361-B5C9-88D5892650C6" vid_target="0E0B8A2E-7842-1044-F34A-8D946014BC21">
<hideElementsInCurrentOnly>false</hideElementsInCurrentOnly>
<backgroundColor>-16777216</backgroundColor>
<lineWidth>1</lineWidth>
<points>
<point x="508" y="275"/>
<point x="352" y="275"/>
</points>
</Connector>
</connectors>
</Diagram>