<?xml version = '1.0' encoding = 'UTF-8'?>
<Relation class="oracle.dbtools.crest.model.design.logical.Relation" name="Relation_2" directorySegmentName="seg_0" id="4BC28374-AE00-06A1-79F5-145A78263D43">
<createdBy>logonrmlocal</createdBy>
<createdTime>2024-04-08 12:06:58 UTC</createdTime>
<ownerDesignName>EXERCICIO4</ownerDesignName>
<engineerTo>
<item key="F47A6317-2361-B385-FA3E-33D3B45B2AD9" value="true"/>
</engineerTo>
<sourcePk>E8230761-45E4-413E-C9FA-57D575ECA97E</sourcePk>
<identifying>false</identifying>
<optionalSource>true</optionalSource>
<optionalTarget>false</optionalTarget>
<sourceCardinality>1</sourceCardinality>
<sourceEntity>8D01719E-7927-3295-DEFA-6D04FA08096B</sourceEntity>
<targetCardinalityString>*</targetCardinalityString>
<targetEntity>4FAC480B-8448-FBA5-B62D-052FE3D752C9</targetEntity>
<transferable>true</transferable>
<deleteRule>NO ACTION</deleteRule>
</Relation>