<?xml version = '1.0' encoding = 'UTF-8'?>
<Relation class="oracle.dbtools.crest.model.design.logical.Relation" name="Relation_3" directorySegmentName="seg_0" id="67E20E54-5FB3-8E35-0B69-6F8FDAF1B92D">
<createdBy>logonrmlocal</createdBy>
<createdTime>2024-04-08 12:12:48 UTC</createdTime>
<ownerDesignName>EXERCICIO4</ownerDesignName>
<engineerTo>
<item key="F47A6317-2361-B385-FA3E-33D3B45B2AD9" value="true"/>
</engineerTo>
<identifying>false</identifying>
<optionalSource>false</optionalSource>
<optionalTarget>true</optionalTarget>
<sourceCardinality>*</sourceCardinality>
<sourceEntity>501D106A-EA1F-AFD0-8D13-3C606B95A476</sourceEntity>
<targetCardinalityString>*</targetCardinalityString>
<targetEntity>4FAC480B-8448-FBA5-B62D-052FE3D752C9</targetEntity>
<transferable>true</transferable>
<deleteRule>NO ACTION</deleteRule>
</Relation>