<?xml version = '1.0' encoding = 'UTF-8'?>
<Relation class="oracle.dbtools.crest.model.design.logical.Relation" name="Relation_1" directorySegmentName="seg_0" id="9970A738-4711-F834-39F4-EFE8077F608E">
<createdBy>logonrmlocal</createdBy>
<createdTime>2024-04-08 12:04:36 UTC</createdTime>
<ownerDesignName>EXERCICIO4</ownerDesignName>
<engineerTo>
<item key="F47A6317-2361-B385-FA3E-33D3B45B2AD9" value="true"/>
</engineerTo>
<identifying>false</identifying>
<optionalSource>true</optionalSource>
<optionalTarget>false</optionalTarget>
<sourceCardinality>*</sourceCardinality>
<sourceEntity>B359CB4E-9AE0-6B02-2AE0-2AFF21F1B2B8</sourceEntity>
<targetCardinalityString>*</targetCardinalityString>
<targetEntity>8D01719E-7927-3295-DEFA-6D04FA08096B</targetEntity>
<transferable>true</transferable>
<deleteRule>NO ACTION</deleteRule>
</Relation>