<?xml version = '1.0' encoding = 'UTF-8'?>
<Relation class="oracle.dbtools.crest.model.design.logical.Relation" name="Relation_2" directorySegmentName="seg_0" id="1F2CD886-AB2F-50BB-CECF-3843088290FB">
<createdBy>logonrmlocal</createdBy>
<createdTime>2024-04-08 11:25:00 UTC</createdTime>
<ownerDesignName>EXERCICIO3</ownerDesignName>
<engineerTo>
<item key="0FE4848A-C85A-C4E1-8F37-6F17371663D3" value="true"/>
</engineerTo>
<identifying>false</identifying>
<optionalSource>true</optionalSource>
<optionalTarget>true</optionalTarget>
<sourceCardinality>*</sourceCardinality>
<sourceEntity>6B317627-4FB5-13A3-D277-8280944485B8</sourceEntity>
<targetCardinalityString>*</targetCardinalityString>
<targetEntity>C0249F13-CF02-B385-6336-09EA3443A4D4</targetEntity>
<transferable>true</transferable>
<deleteRule>NO ACTION</deleteRule>
</Relation>