<?xml version = '1.0' encoding = 'UTF-8'?>
<Relation class="oracle.dbtools.crest.model.design.logical.Relation" name="Relation_3" directorySegmentName="seg_0" id="D989A8F4-780C-7CAC-A38C-C7DE0A8BC19D">
<createdBy>logonrmlocal</createdBy>
<createdTime>2024-04-08 11:33:00 UTC</createdTime>
<ownerDesignName>EXERCICIO3</ownerDesignName>
<engineerTo>
<item key="0FE4848A-C85A-C4E1-8F37-6F17371663D3" value="true"/>
</engineerTo>
<sourcePk>00202BA8-D0F9-F0A4-5048-63C37A0EBC4A</sourcePk>
<identifying>false</identifying>
<optionalSource>true</optionalSource>
<optionalTarget>false</optionalTarget>
<sourceCardinality>1</sourceCardinality>
<sourceEntity>C319AA30-7114-9093-BCA6-CA0E627C43F2</sourceEntity>
<targetCardinalityString>*</targetCardinalityString>
<targetEntity>6B317627-4FB5-13A3-D277-8280944485B8</targetEntity>
<transferable>true</transferable>
<deleteRule>NO ACTION</deleteRule>
</Relation>