<?xml version = '1.0' encoding = 'UTF-8'?>
<relationalModel class="oracle.dbtools.crest.model.design.relational.RelationalDesign" name="Relational_1" id="DDD9378D-7CB1-B141-619B-1D4A8F065FBF" mainViewID="9BC84AAD-8480-C173-E2D5-B9A289803551">
<createdBy>logonrmlocal</createdBy>
<createdTime>2024-04-22 10:52:55 UTC</createdTime>
<ownerDesignName>EX1CAP5</ownerDesignName>
<shouldBeOpen>false</shouldBeOpen>
<selectedRDBMSSite>32076570-2523-435C-2E92-BF29817DFF70</selectedRDBMSSite>
</relationalModel>