<?xml version = '1.0' encoding = 'UTF-8'?>
<Entity class="oracle.dbtools.crest.model.design.logical.Entity" directorySegmentName="seg_0" id="6B317627-4FB5-13A3-D277-8280944485B8" name="EMPREGADOS">
<createdBy>logonrmlocal</createdBy>
<createdTime>2024-04-08 11:07:53 UTC</createdTime>
<ownerDesignName>EXERCICIO3</ownerDesignName>
<engineerTo>
<item key="0FE4848A-C85A-C4E1-8F37-6F17371663D3" value="true"/>
</engineerTo>
<adequatelyNormalized>NO</adequatelyNormalized>
<expectedVolumes>0</expectedVolumes>
<fwdEngineeringStrategyName>Single Table</fwdEngineeringStrategyName>
<growthPercent>0</growthPercent>
<growthType>Year</growthType>
<maxVolumes>9999999</maxVolumes>
<minVolumes>0</minVolumes>
<normalForm>Third</normalForm>
<attributes itemClass="oracle.dbtools.crest.model.design.logical.Attribute">
<Attribute name="cod_empregado" id="DBF6F2C6-7F3F-F0C4-95FD-E975F38B9B10">
<createdBy>logonrmlocal</createdBy>
<createdTime>2024-04-08 11:08:05 UTC</createdTime>
<ownerDesignName>EXERCICIO3</ownerDesignName>
<engineerTo>
<item key="0FE4848A-C85A-C4E1-8F37-6F17371663D3" value="true"/>
</engineerTo>
<use>0</use>
<ownDataTypeParameters>,,</ownDataTypeParameters>
</Attribute>
<Attribute name="nome" id="35037369-8000-508C-15A8-54A2DA0786BA">
<createdBy>logonrmlocal</createdBy>
<createdTime>2024-04-08 11:08:28 UTC</createdTime>
<ownerDesignName>EXERCICIO3</ownerDesignName>
<engineerTo>
<item key="0FE4848A-C85A-C4E1-8F37-6F17371663D3" value="true"/>
</engineerTo>
<use>0</use>
<ownDataTypeParameters>,,</ownDataTypeParameters>
</Attribute>
<Attribute name="sobrenome" id="ADC20528-F8F8-DD63-9FAB-EE7A8FDC1FB5">
<createdBy>logonrmlocal</createdBy>
<createdTime>2024-04-08 11:08:35 UTC</createdTime>
<ownerDesignName>EXERCICIO3</ownerDesignName>
<engineerTo>
<item key="0FE4848A-C85A-C4E1-8F37-6F17371663D3" value="true"/>
</engineerTo>
<use>0</use>
<ownDataTypeParameters>,,</ownDataTypeParameters>
</Attribute>
<Attribute name="dt_contratacao" id="BDAAE2AB-2EC2-3637-A6A0-EE247295B3A3">
<createdBy>logonrmlocal</createdBy>
<createdTime>2024-04-08 11:08:47 UTC</createdTime>
<ownerDesignName>EXERCICIO3</ownerDesignName>
<engineerTo>
<item key="0FE4848A-C85A-C4E1-8F37-6F17371663D3" value="true"/>
</engineerTo>
<use>0</use>
<ownDataTypeParameters>,,</ownDataTypeParameters>
</Attribute>
<Attribute name="salario" id="7EA93F16-147B-AD8D-0D03-35E63C4BCFD8">
<createdBy>logonrmlocal</createdBy>
<createdTime>2024-04-08 11:09:05 UTC</createdTime>
<ownerDesignName>EXERCICIO3</ownerDesignName>
<engineerTo>
<item key="0FE4848A-C85A-C4E1-8F37-6F17371663D3" value="true"/>
</engineerTo>
<use>0</use>
<ownDataTypeParameters>,,</ownDataTypeParameters>
</Attribute>
<Attribute name="cod_depto" id="B933F7D2-1014-B63C-DA57-D8C99825A65D">
<createdBy>logonrmlocal</createdBy>
<createdTime>2024-04-08 11:33:00 UTC</createdTime>
<generatorID>D989A8F4-780C-7CAC-A38C-C7DE0A8BC19D</generatorID>
<ownerDesignName>EXERCICIO3</ownerDesignName>
<engineerTo>
<item key="0FE4848A-C85A-C4E1-8F37-6F17371663D3" value="true"/>
</engineerTo>
<referedAttribute>7A48ACA9-060E-2E9D-62EE-9A0AF6F4C6E8</referedAttribute>
<use>0</use>
<ownDataTypeParameters>,,</ownDataTypeParameters>
</Attribute>
</attributes>
<identifiers itemClass="oracle.dbtools.crest.model.design.logical.CandidateKey">
<identifier id="267C819E-BC96-2F37-38FE-C0409EB75191" name="EMPREGADOS PK">
<createdBy>logonrmlocal</createdBy>
<createdTime>2024-04-08 11:08:25 UTC</createdTime>
<ownerDesignName>EXERCICIO3</ownerDesignName>
<engineerTo>
<item key="0FE4848A-C85A-C4E1-8F37-6F17371663D3" value="true"/>
</engineerTo>
<pk>true</pk>
<usedAttributes>
<attributeRef>DBF6F2C6-7F3F-F0C4-95FD-E975F38B9B10</attributeRef>
</usedAttributes>
</identifier>
</identifiers>
</Entity>