<?xml version = '1.0' encoding = 'UTF-8'?>
<Entity class="oracle.dbtools.crest.model.design.logical.Entity" directorySegmentName="seg_0" id="C0249F13-CF02-B385-6336-09EA3443A4D4" name="ATIVIDADES">
<createdBy>logonrmlocal</createdBy>
<createdTime>2024-04-08 11:03:30 UTC</createdTime>
<ownerDesignName>EXERCICIO3</ownerDesignName>
<engineerTo>
<item key="0FE4848A-C85A-C4E1-8F37-6F17371663D3" value="true"/>
</engineerTo>
<adequatelyNormalized>NO</adequatelyNormalized>
<expectedVolumes>0</expectedVolumes>
<fwdEngineeringStrategyName>Single Table</fwdEngineeringStrategyName>
<growthPercent>0</growthPercent>
<growthType>Year</growthType>
<maxVolumes>9999999</maxVolumes>
<minVolumes>0</minVolumes>
<normalForm>Third</normalForm>
<attributes itemClass="oracle.dbtools.crest.model.design.logical.Attribute">
<Attribute name="cod_atv" id="832A5582-5B06-9C8D-1C43-7A506FFED3C1">
<createdBy>logonrmlocal</createdBy>
<createdTime>2024-04-08 11:05:06 UTC</createdTime>
<ownerDesignName>EXERCICIO3</ownerDesignName>
<engineerTo>
<item key="0FE4848A-C85A-C4E1-8F37-6F17371663D3" value="true"/>
</engineerTo>
<use>0</use>
<ownDataTypeParameters>,,</ownDataTypeParameters>
</Attribute>
<Attribute name="descricao" id="55D007C1-1C86-B52A-F32E-854090A2F65A">
<createdBy>logonrmlocal</createdBy>
<createdTime>2024-04-08 11:05:41 UTC</createdTime>
<ownerDesignName>EXERCICIO3</ownerDesignName>
<engineerTo>
<item key="0FE4848A-C85A-C4E1-8F37-6F17371663D3" value="true"/>
</engineerTo>
<use>0</use>
<ownDataTypeParameters>,,</ownDataTypeParameters>
</Attribute>
<Attribute name="dt_inicial" id="34F5E0F3-5B95-9989-0262-52492970BCA2">
<createdBy>logonrmlocal</createdBy>
<createdTime>2024-04-08 11:05:53 UTC</createdTime>
<ownerDesignName>EXERCICIO3</ownerDesignName>
<engineerTo>
<item key="0FE4848A-C85A-C4E1-8F37-6F17371663D3" value="true"/>
</engineerTo>
<use>0</use>
<ownDataTypeParameters>,,</ownDataTypeParameters>
</Attribute>
<Attribute name="dt_final" id="42323F29-162D-BC1B-23CE-6B6A569A7DC3">
<createdBy>logonrmlocal</createdBy>
<createdTime>2024-04-08 11:06:33 UTC</createdTime>
<ownerDesignName>EXERCICIO3</ownerDesignName>
<engineerTo>
<item key="0FE4848A-C85A-C4E1-8F37-6F17371663D3" value="true"/>
</engineerTo>
<nullsAllowed>true</nullsAllowed>
<use>0</use>
<ownDataTypeParameters>,,</ownDataTypeParameters>
</Attribute>
</attributes>
<identifiers itemClass="oracle.dbtools.crest.model.design.logical.CandidateKey">
<identifier id="B2F78FFA-B32A-267C-4079-EE2FBD106090" name="ATIVIDADES PK">
<createdBy>logonrmlocal</createdBy>
<createdTime>2024-04-08 11:05:29 UTC</createdTime>
<ownerDesignName>EXERCICIO3</ownerDesignName>
<engineerTo>
<item key="0FE4848A-C85A-C4E1-8F37-6F17371663D3" value="true"/>
</engineerTo>
<pk>true</pk>
<usedAttributes>
<attributeRef>832A5582-5B06-9C8D-1C43-7A506FFED3C1</attributeRef>
</usedAttributes>
</identifier>
</identifiers>
</Entity>