<?xml version = '1.0' encoding = 'UTF-8'?>
<Entity class="oracle.dbtools.crest.model.design.logical.Entity" directorySegmentName="seg_0" id="C319AA30-7114-9093-BCA6-CA0E627C43F2" name="DEPARTAMENTOS">
<createdBy>logonrmlocal</createdBy>
<createdTime>2024-04-08 11:07:10 UTC</createdTime>
<ownerDesignName>EXERCICIO3</ownerDesignName>
<engineerTo>
<item key="0FE4848A-C85A-C4E1-8F37-6F17371663D3" value="true"/>
</engineerTo>
<adequatelyNormalized>NO</adequatelyNormalized>
<expectedVolumes>0</expectedVolumes>
<fwdEngineeringStrategyName>Single Table</fwdEngineeringStrategyName>
<growthPercent>0</growthPercent>
<growthType>Year</growthType>
<maxVolumes>9999999</maxVolumes>
<minVolumes>0</minVolumes>
<normalForm>Third</normalForm>
<attributes itemClass="oracle.dbtools.crest.model.design.logical.Attribute">
<Attribute name="cod_depto" id="7A48ACA9-060E-2E9D-62EE-9A0AF6F4C6E8">
<createdBy>logonrmlocal</createdBy>
<createdTime>2024-04-08 11:07:18 UTC</createdTime>
<ownerDesignName>EXERCICIO3</ownerDesignName>
<engineerTo>
<item key="0FE4848A-C85A-C4E1-8F37-6F17371663D3" value="true"/>
</engineerTo>
<use>0</use>
<ownDataTypeParameters>,,</ownDataTypeParameters>
</Attribute>
<Attribute name="nome" id="FB0E3696-13A5-6CAA-3401-C6B87451CC83">
<createdBy>logonrmlocal</createdBy>
<createdTime>2024-04-08 11:07:38 UTC</createdTime>
<ownerDesignName>EXERCICIO3</ownerDesignName>
<engineerTo>
<item key="0FE4848A-C85A-C4E1-8F37-6F17371663D3" value="true"/>
</engineerTo>
<use>0</use>
<ownDataTypeParameters>,,</ownDataTypeParameters>
</Attribute>
</attributes>
<identifiers itemClass="oracle.dbtools.crest.model.design.logical.CandidateKey">
<identifier id="00202BA8-D0F9-F0A4-5048-63C37A0EBC4A" name="DEPARTAMENTOS PK">
<createdBy>logonrmlocal</createdBy>
<createdTime>2024-04-08 11:07:33 UTC</createdTime>
<ownerDesignName>EXERCICIO3</ownerDesignName>
<engineerTo>
<item key="0FE4848A-C85A-C4E1-8F37-6F17371663D3" value="true"/>
</engineerTo>
<pk>true</pk>
<usedAttributes>
<attributeRef>7A48ACA9-060E-2E9D-62EE-9A0AF6F4C6E8</attributeRef>
</usedAttributes>
</identifier>
</identifiers>
</Entity>