<?xml version = '1.0' encoding = 'UTF-8'?>
<relationalModel class="oracle.dbtools.crest.model.design.relational.RelationalDesign" name="Relational_1" id="DABAFA68-E5E0-2873-70E6-89815981175C" mainViewID="7723D821-5218-7EBF-CB95-CDD8DF455D31">
<createdBy>logonrmlocal</createdBy>
<createdTime>2024-04-01 12:17:20 UTC</createdTime>
<ownerDesignName>primeiroProjeto</ownerDesignName>
<shouldBeOpen>false</shouldBeOpen>
<selectedRDBMSSite>32076570-2523-435C-2E92-BF29817DFF70</selectedRDBMSSite>
</relationalModel>