<?xml version = '1.0' encoding = 'UTF-8'?>
<Entity class="oracle.dbtools.crest.model.design.logical.Entity" directorySegmentName="seg_0" id="4FAC480B-8448-FBA5-B62D-052FE3D752C9" name="CURSOS">
<createdBy>logonrmlocal</createdBy>
<createdTime>2024-04-08 11:48:02 UTC</createdTime>
<ownerDesignName>EXERCICIO4</ownerDesignName>
<engineerTo>
<item key="F47A6317-2361-B385-FA3E-33D3B45B2AD9" value="true"/>
</engineerTo>
<adequatelyNormalized>NO</adequatelyNormalized>
<expectedVolumes>0</expectedVolumes>
<fwdEngineeringStrategyName>Single Table</fwdEngineeringStrategyName>
<growthPercent>0</growthPercent>
<growthType>Year</growthType>
<maxVolumes>9999999</maxVolumes>
<minVolumes>0</minVolumes>
<normalForm>Third</normalForm>
<attributes itemClass="oracle.dbtools.crest.model.design.logical.Attribute">
<Attribute name="curso_id" id="859452E0-B606-9DD8-CA5C-0A1F18983138">
<createdBy>logonrmlocal</createdBy>
<createdTime>2024-04-08 11:48:16 UTC</createdTime>
<ownerDesignName>EXERCICIO4</ownerDesignName>
<engineerTo>
<item key="F47A6317-2361-B385-FA3E-33D3B45B2AD9" value="true"/>
</engineerTo>
<use>0</use>
<ownDataTypeParameters>,,</ownDataTypeParameters>
</Attribute>
<Attribute name="nome" id="4DBED4DA-F659-964F-C5BA-F42D1ACBC99F">
<createdBy>logonrmlocal</createdBy>
<createdTime>2024-04-08 11:48:25 UTC</createdTime>
<ownerDesignName>EXERCICIO4</ownerDesignName>
<engineerTo>
<item key="F47A6317-2361-B385-FA3E-33D3B45B2AD9" value="true"/>
</engineerTo>
<use>0</use>
<ownDataTypeParameters>,,</ownDataTypeParameters>
</Attribute>
<Attribute name="preco" id="6184CE0B-198C-3C4F-D8F3-F1AB045FD5B9">
<createdBy>logonrmlocal</createdBy>
<createdTime>2024-04-08 11:49:04 UTC</createdTime>
<ownerDesignName>EXERCICIO4</ownerDesignName>
<engineerTo>
<item key="F47A6317-2361-B385-FA3E-33D3B45B2AD9" value="true"/>
</engineerTo>
<use>0</use>
<ownDataTypeParameters>,,</ownDataTypeParameters>
</Attribute>
<Attribute name="descricao_duracao" id="EC7A384F-3E23-F4F9-0FB3-A84AE12651E3">
<createdBy>logonrmlocal</createdBy>
<createdTime>2024-04-08 11:49:11 UTC</createdTime>
<ownerDesignName>EXERCICIO4</ownerDesignName>
<engineerTo>
<item key="F47A6317-2361-B385-FA3E-33D3B45B2AD9" value="true"/>
</engineerTo>
<use>0</use>
<ownDataTypeParameters>,,</ownDataTypeParameters>
</Attribute>
<Attribute name="instrutor_id" id="74FC795E-FB26-531E-2B0D-E257EC8DBB30">
<createdBy>logonrmlocal</createdBy>
<createdTime>2024-04-08 12:06:58 UTC</createdTime>
<generatorID>4BC28374-AE00-06A1-79F5-145A78263D43</generatorID>
<ownerDesignName>EXERCICIO4</ownerDesignName>
<engineerTo>
<item key="F47A6317-2361-B385-FA3E-33D3B45B2AD9" value="true"/>
</engineerTo>
<referedAttribute>3E79BCE5-47C1-FFC2-6363-8C3DDF7D3256</referedAttribute>
<use>0</use>
<ownDataTypeParameters>,,</ownDataTypeParameters>
</Attribute>
</attributes>
<identifiers itemClass="oracle.dbtools.crest.model.design.logical.CandidateKey">
<identifier id="A3D449F2-5BF4-AB76-5B04-5B1DAE64E85D" name="CURSOS PK">
<createdBy>logonrmlocal</createdBy>
<createdTime>2024-04-08 11:48:53 UTC</createdTime>
<ownerDesignName>EXERCICIO4</ownerDesignName>
<engineerTo>
<item key="F47A6317-2361-B385-FA3E-33D3B45B2AD9" value="true"/>
</engineerTo>
<pk>true</pk>
<usedAttributes>
<attributeRef>859452E0-B606-9DD8-CA5C-0A1F18983138</attributeRef>
</usedAttributes>
</identifier>
</identifiers>
</Entity>