<?xml version = '1.0' encoding = 'UTF-8'?>
<Entity class="oracle.dbtools.crest.model.design.logical.Entity" directorySegmentName="seg_0" id="501D106A-EA1F-AFD0-8D13-3C606B95A476" name="ALUNOS">
<createdBy>logonrmlocal</createdBy>
<createdTime>2024-04-08 11:50:59 UTC</createdTime>
<ownerDesignName>EXERCICIO4</ownerDesignName>
<engineerTo>
<item key="F47A6317-2361-B385-FA3E-33D3B45B2AD9" value="true"/>
</engineerTo>
<adequatelyNormalized>NO</adequatelyNormalized>
<expectedVolumes>0</expectedVolumes>
<fwdEngineeringStrategyName>Single Table</fwdEngineeringStrategyName>
<growthPercent>0</growthPercent>
<growthType>Year</growthType>
<maxVolumes>9999999</maxVolumes>
<minVolumes>0</minVolumes>
<normalForm>Third</normalForm>
<attributes itemClass="oracle.dbtools.crest.model.design.logical.Attribute">
<Attribute name="aluno_id" id="ACF728D0-86BF-B166-65BC-671D9B51F9E9">
<createdBy>logonrmlocal</createdBy>
<createdTime>2024-04-08 11:51:06 UTC</createdTime>
<ownerDesignName>EXERCICIO4</ownerDesignName>
<engineerTo>
<item key="F47A6317-2361-B385-FA3E-33D3B45B2AD9" value="true"/>
</engineerTo>
<use>0</use>
<ownDataTypeParameters>,,</ownDataTypeParameters>
</Attribute>
<Attribute name="primeiro_nome" id="8C79E3C4-326E-5469-189D-FC1150E27A09">
<createdBy>logonrmlocal</createdBy>
<createdTime>2024-04-08 11:51:18 UTC</createdTime>
<ownerDesignName>EXERCICIO4</ownerDesignName>
<engineerTo>
<item key="F47A6317-2361-B385-FA3E-33D3B45B2AD9" value="true"/>
</engineerTo>
<use>0</use>
<ownDataTypeParameters>,,</ownDataTypeParameters>
</Attribute>
<Attribute name="nome_meio" id="B91F86A1-5F62-A3DF-5C95-B905E28E4721">
<createdBy>logonrmlocal</createdBy>
<createdTime>2024-04-08 11:53:36 UTC</createdTime>
<ownerDesignName>EXERCICIO4</ownerDesignName>
<engineerTo>
<item key="F47A6317-2361-B385-FA3E-33D3B45B2AD9" value="true"/>
</engineerTo>
<nullsAllowed>true</nullsAllowed>
<use>0</use>
<ownDataTypeParameters>,,</ownDataTypeParameters>
</Attribute>
<Attribute name="ultimo_nome" id="1E903A07-2E4E-00F3-C673-EF09B38DCFF1">
<createdBy>logonrmlocal</createdBy>
<createdTime>2024-04-08 11:54:17 UTC</createdTime>
<ownerDesignName>EXERCICIO4</ownerDesignName>
<engineerTo>
<item key="F47A6317-2361-B385-FA3E-33D3B45B2AD9" value="true"/>
</engineerTo>
<use>0</use>
<ownDataTypeParameters>,,</ownDataTypeParameters>
</Attribute>
<Attribute name="endereco" id="A1C71879-3A0E-799E-0C67-A59945AB8D66">
<createdBy>logonrmlocal</createdBy>
<createdTime>2024-04-08 11:51:26 UTC</createdTime>
<ownerDesignName>EXERCICIO4</ownerDesignName>
<engineerTo>
<item key="F47A6317-2361-B385-FA3E-33D3B45B2AD9" value="true"/>
</engineerTo>
<use>0</use>
<ownDataTypeParameters>,,</ownDataTypeParameters>
</Attribute>
<Attribute name="telefone" id="7D2F3144-EFB4-D19F-DD7A-AC82C4389453">
<createdBy>logonrmlocal</createdBy>
<createdTime>2024-04-08 11:51:55 UTC</createdTime>
<ownerDesignName>EXERCICIO4</ownerDesignName>
<engineerTo>
<item key="F47A6317-2361-B385-FA3E-33D3B45B2AD9" value="true"/>
</engineerTo>
<nullsAllowed>true</nullsAllowed>
<use>0</use>
<ownDataTypeParameters>,,</ownDataTypeParameters>
</Attribute>
</attributes>
<identifiers itemClass="oracle.dbtools.crest.model.design.logical.CandidateKey">
<identifier id="10799C4D-9D3B-FEB9-12E9-54C94FBE08EF" name="ALUNOS PK">
<createdBy>logonrmlocal</createdBy>
<createdTime>2024-04-08 11:51:16 UTC</createdTime>
<ownerDesignName>EXERCICIO4</ownerDesignName>
<engineerTo>
<item key="F47A6317-2361-B385-FA3E-33D3B45B2AD9" value="true"/>
</engineerTo>
<pk>true</pk>
<usedAttributes>
<attributeRef>ACF728D0-86BF-B166-65BC-671D9B51F9E9</attributeRef>
</usedAttributes>
</identifier>
</identifiers>
</Entity>