<?xml version = '1.0' encoding = 'UTF-8'?>
<Entity class="oracle.dbtools.crest.model.design.logical.Entity" directorySegmentName="seg_0" id="8D01719E-7927-3295-DEFA-6D04FA08096B" name="INSTRUTORES">
<createdBy>logonrmlocal</createdBy>
<createdTime>2024-04-08 11:49:23 UTC</createdTime>
<ownerDesignName>EXERCICIO4</ownerDesignName>
<engineerTo>
<item key="F47A6317-2361-B385-FA3E-33D3B45B2AD9" value="true"/>
</engineerTo>
<adequatelyNormalized>NO</adequatelyNormalized>
<expectedVolumes>0</expectedVolumes>
<fwdEngineeringStrategyName>Single Table</fwdEngineeringStrategyName>
<growthPercent>0</growthPercent>
<growthType>Year</growthType>
<maxVolumes>9999999</maxVolumes>
<minVolumes>0</minVolumes>
<normalForm>Third</normalForm>
<attributes itemClass="oracle.dbtools.crest.model.design.logical.Attribute">
<Attribute name="instrutor_id" id="3E79BCE5-47C1-FFC2-6363-8C3DDF7D3256">
<createdBy>logonrmlocal</createdBy>
<createdTime>2024-04-08 11:49:34 UTC</createdTime>
<ownerDesignName>EXERCICIO4</ownerDesignName>
<engineerTo>
<item key="F47A6317-2361-B385-FA3E-33D3B45B2AD9" value="true"/>
</engineerTo>
<use>0</use>
<ownDataTypeParameters>,,</ownDataTypeParameters>
</Attribute>
<Attribute name="primeiro_nome" id="042C1F6D-8B39-D2E9-824E-BCD338AC1E8C">
<createdBy>logonrmlocal</createdBy>
<createdTime>2024-04-08 11:49:58 UTC</createdTime>
<ownerDesignName>EXERCICIO4</ownerDesignName>
<engineerTo>
<item key="F47A6317-2361-B385-FA3E-33D3B45B2AD9" value="true"/>
</engineerTo>
<use>0</use>
<ownDataTypeParameters>,,</ownDataTypeParameters>
</Attribute>
<Attribute name="nome_meio" id="9E8A6BAE-FCF1-464A-02E4-CA63DF45A9CA">
<createdBy>logonrmlocal</createdBy>
<createdTime>2024-04-08 12:01:10 UTC</createdTime>
<ownerDesignName>EXERCICIO4</ownerDesignName>
<engineerTo>
<item key="F47A6317-2361-B385-FA3E-33D3B45B2AD9" value="true"/>
</engineerTo>
<nullsAllowed>true</nullsAllowed>
<use>0</use>
<ownDataTypeParameters>,,</ownDataTypeParameters>
</Attribute>
<Attribute name="ultimo_nome" id="08977176-14B9-54D4-5C74-D2318D2472FF">
<createdBy>logonrmlocal</createdBy>
<createdTime>2024-04-08 12:01:21 UTC</createdTime>
<ownerDesignName>EXERCICIO4</ownerDesignName>
<engineerTo>
<item key="F47A6317-2361-B385-FA3E-33D3B45B2AD9" value="true"/>
</engineerTo>
<use>0</use>
<ownDataTypeParameters>,,</ownDataTypeParameters>
</Attribute>
<Attribute name="endereco" id="B8CE7DA6-171A-3258-0F71-4FEFA349ED5A">
<createdBy>logonrmlocal</createdBy>
<createdTime>2024-04-08 11:50:16 UTC</createdTime>
<ownerDesignName>EXERCICIO4</ownerDesignName>
<engineerTo>
<item key="F47A6317-2361-B385-FA3E-33D3B45B2AD9" value="true"/>
</engineerTo>
<use>0</use>
<ownDataTypeParameters>,,</ownDataTypeParameters>
</Attribute>
<Attribute name="telefone" id="7D16E823-62D4-73A9-F191-6740BCCF4EE6">
<createdBy>logonrmlocal</createdBy>
<createdTime>2024-04-08 11:50:24 UTC</createdTime>
<ownerDesignName>EXERCICIO4</ownerDesignName>
<engineerTo>
<item key="F47A6317-2361-B385-FA3E-33D3B45B2AD9" value="true"/>
</engineerTo>
<use>0</use>
<ownDataTypeParameters>,,</ownDataTypeParameters>
</Attribute>
</attributes>
<identifiers itemClass="oracle.dbtools.crest.model.design.logical.CandidateKey">
<identifier id="E8230761-45E4-413E-C9FA-57D575ECA97E" name="INSTRUTORES PK">
<createdBy>logonrmlocal</createdBy>
<createdTime>2024-04-08 11:50:07 UTC</createdTime>
<ownerDesignName>EXERCICIO4</ownerDesignName>
<engineerTo>
<item key="F47A6317-2361-B385-FA3E-33D3B45B2AD9" value="true"/>
</engineerTo>
<pk>true</pk>
<usedAttributes>
<attributeRef>3E79BCE5-47C1-FFC2-6363-8C3DDF7D3256</attributeRef>
</usedAttributes>
</identifier>
</identifiers>
</Entity>