<?xml version = '1.0' encoding = 'UTF-8'?>
<Entity class="oracle.dbtools.crest.model.design.logical.Entity" directorySegmentName="seg_0" id="B359CB4E-9AE0-6B02-2AE0-2AFF21F1B2B8" name="CERTIFICACOES">
<createdBy>logonrmlocal</createdBy>
<createdTime>2024-04-08 11:52:35 UTC</createdTime>
<ownerDesignName>EXERCICIO4</ownerDesignName>
<engineerTo>
<item key="F47A6317-2361-B385-FA3E-33D3B45B2AD9" value="true"/>
</engineerTo>
<adequatelyNormalized>NO</adequatelyNormalized>
<expectedVolumes>0</expectedVolumes>
<fwdEngineeringStrategyName>Single Table</fwdEngineeringStrategyName>
<growthPercent>0</growthPercent>
<growthType>Year</growthType>
<maxVolumes>9999999</maxVolumes>
<minVolumes>0</minVolumes>
<normalForm>Third</normalForm>
<attributes itemClass="oracle.dbtools.crest.model.design.logical.Attribute">
<Attribute name="certificacao_id" id="2A1E9FC5-62EF-0E51-8431-F7E14A24D0E3">
<createdBy>logonrmlocal</createdBy>
<createdTime>2024-04-08 11:52:47 UTC</createdTime>
<ownerDesignName>EXERCICIO4</ownerDesignName>
<engineerTo>
<item key="F47A6317-2361-B385-FA3E-33D3B45B2AD9" value="true"/>
</engineerTo>
<use>0</use>
<ownDataTypeParameters>,,</ownDataTypeParameters>
</Attribute>
<Attribute name="nome" id="97F3C83A-D600-38EA-9638-5A1E3A395F71">
<createdBy>logonrmlocal</createdBy>
<createdTime>2024-04-08 11:52:57 UTC</createdTime>
<ownerDesignName>EXERCICIO4</ownerDesignName>
<engineerTo>
<item key="F47A6317-2361-B385-FA3E-33D3B45B2AD9" value="true"/>
</engineerTo>
<use>0</use>
<ownDataTypeParameters>,,</ownDataTypeParameters>
</Attribute>
<Attribute name="descricao" id="721DBE6B-BC2F-642C-8C52-15E25ADF4A7E">
<createdBy>logonrmlocal</createdBy>
<createdTime>2024-04-08 11:56:43 UTC</createdTime>
<ownerDesignName>EXERCICIO4</ownerDesignName>
<engineerTo>
<item key="F47A6317-2361-B385-FA3E-33D3B45B2AD9" value="true"/>
</engineerTo>
<nullsAllowed>true</nullsAllowed>
<use>0</use>
<ownDataTypeParameters>,,</ownDataTypeParameters>
</Attribute>
</attributes>
<identifiers itemClass="oracle.dbtools.crest.model.design.logical.CandidateKey">
<identifier id="F2009F55-6776-E20D-8A50-3A6146CEB152" name="CERTIFICACOES PK">
<createdBy>logonrmlocal</createdBy>
<createdTime>2024-04-08 11:52:55 UTC</createdTime>
<ownerDesignName>EXERCICIO4</ownerDesignName>
<engineerTo>
<item key="F47A6317-2361-B385-FA3E-33D3B45B2AD9" value="true"/>
</engineerTo>
<pk>true</pk>
<usedAttributes>
<attributeRef>2A1E9FC5-62EF-0E51-8431-F7E14A24D0E3</attributeRef>
</usedAttributes>
</identifier>
</identifiers>
</Entity>