<?xml version = '1.0' encoding = 'UTF-8'?>
<Diagram class="oracle.dbtools.crest.swingui.logical.DPVLogical" name="Logical" id="41F6F6DC-551F-764A-F6C3-3BF776464F9B">
<createdBy>logonrmlocal</createdBy>
<modifiedBy>logonrmlocal</modifiedBy>
<createdTime>2024-04-15 10:58:51 UTC</createdTime>
<autoRoute>false</autoRoute>
<boxInbox>true</boxInbox>
<showLegend>false</showLegend>
<showLabels>false</showLabels>
<showRelAttributes>false</showRelAttributes>
<gridEnabled>false</gridEnabled>
<showGrid>false</showGrid>
<diagramColor>-1</diagramColor>
<display>false</display>
<notation>1</notation>
<objectViews>
<OView class="oracle.dbtools.crest.swingui.logical.TVEntity" oid="01AB95D4-973B-67A5-D968-7777B0060D44" otype="Entity" vid="F5997ED4-B525-EF23-24CA-E43383C3A0CE">
<hideElementsInCurrentOnly>false</hideElementsInCurrentOnly>
<bounds x="403" y="324" width="170" height="110"/>
</OView>
<OView class="oracle.dbtools.crest.swingui.logical.TVEntity" oid="633AA86F-3FE3-830D-3B87-2BC2F4968B92" otype="Entity" vid="52D2D19F-AE30-551C-0CD2-755B967A4D31">
<hideElementsInCurrentOnly>false</hideElementsInCurrentOnly>
<bounds x="69" y="479" width="170" height="110"/>
</OView>
<OView class="oracle.dbtools.crest.swingui.logical.TVEntity" oid="80803B0D-BCA9-B347-03BC-130D58439553" otype="Entity" vid="F7D4D42D-6E50-991F-A7CE-22AA4EE5AA9B">
<hideElementsInCurrentOnly>false</hideElementsInCurrentOnly>
<bounds x="55" y="115" width="170" height="110"/>
</OView>
<OView class="oracle.dbtools.crest.swingui.logical.TVEntity" oid="DE138438-E1F1-1A2F-47ED-40495179F51A" otype="Entity" vid="8735F58C-5160-FB5C-92B4-255C9BF15B3E">
<hideElementsInCurrentOnly>false</hideElementsInCurrentOnly>
<bounds x="69" y="287" width="170" height="110"/>
</OView>
</objectViews>
<connectors>
<Connector class="oracle.dbtools.crest.swingui.logical.TVRelation" oid="C4A120E1-F7C9-DB5F-1535-84A1CA7A2183" otype="Relation" vid_source="8735F58C-5160-FB5C-92B4-255C9BF15B3E" vid_target="52D2D19F-AE30-551C-0CD2-755B967A4D31">
<hideElementsInCurrentOnly>false</hideElementsInCurrentOnly>
<backgroundColor>-16777216</backgroundColor>
<lineWidth>1</lineWidth>
<points>
<point x="154" y="397"/>
<point x="154" y="479"/>
</points>
</Connector>
<Connector class="oracle.dbtools.crest.swingui.logical.TVRelation" oid="CAAC8380-3C36-9E39-6AC2-AAA49754FA26" otype="Relation" vid_source="F7D4D42D-6E50-991F-A7CE-22AA4EE5AA9B" vid_target="F5997ED4-B525-EF23-24CA-E43383C3A0CE">
<hideElementsInCurrentOnly>false</hideElementsInCurrentOnly>
<backgroundColor>-16777216</backgroundColor>
<lineWidth>1</lineWidth>
<points>
<point x="225" y="221"/>
<point x="403" y="327"/>
</points>
</Connector>
<Connector class="oracle.dbtools.crest.swingui.logical.TVRelation" oid="EC1564E2-8233-DC7C-2420-1E580E799BA3" otype="Relation" vid_source="8735F58C-5160-FB5C-92B4-255C9BF15B3E" vid_target="F5997ED4-B525-EF23-24CA-E43383C3A0CE">
<hideElementsInCurrentOnly>false</hideElementsInCurrentOnly>
<backgroundColor>-16777216</backgroundColor>
<lineWidth>1</lineWidth>
<points>
<point x="239" y="375"/>
<point x="403" y="375"/>
</points>
</Connector>
</connectors>
</Diagram>