<?xml version = '1.0' encoding = 'UTF-8'?>
<Entity class="oracle.dbtools.crest.model.design.logical.Entity" directorySegmentName="seg_0" id="3239BD96-BF7D-0B5F-F886-2AF14B72BBBE" name="CARDAPIOS">
<createdBy>logonrmlocal</createdBy>
<createdTime>2024-04-22 11:27:20 UTC</createdTime>
<ownerDesignName>EX1CAP5</ownerDesignName>
<engineerTo>
<item key="DDD9378D-7CB1-B141-619B-1D4A8F065FBF" value="true"/>
</engineerTo>
<adequatelyNormalized>NO</adequatelyNormalized>
<expectedVolumes>0</expectedVolumes>
<fwdEngineeringStrategyName>Single Table</fwdEngineeringStrategyName>
<growthPercent>0</growthPercent>
<growthType>Year</growthType>
<maxVolumes>9999999</maxVolumes>
<minVolumes>0</minVolumes>
<normalForm>Third</normalForm>
<attributes itemClass="oracle.dbtools.crest.model.design.logical.Attribute">
<Attribute name="cod_cardapio" id="7233BE7F-EEC3-6B17-EB40-FDA045072A72">
<createdBy>logonrmlocal</createdBy>
<createdTime>2024-04-22 11:27:45 UTC</createdTime>
<ownerDesignName>EX1CAP5</ownerDesignName>
<engineerTo>
<item key="DDD9378D-7CB1-B141-619B-1D4A8F065FBF" value="true"/>
</engineerTo>
<use>0</use>
<ownDataTypeParameters>,,</ownDataTypeParameters>
</Attribute>
<Attribute name="nome" id="997FBFC0-2F1D-815C-5646-324096312B3E">
<createdBy>logonrmlocal</createdBy>
<createdTime>2024-04-22 11:28:08 UTC</createdTime>
<ownerDesignName>EX1CAP5</ownerDesignName>
<engineerTo>
<item key="DDD9378D-7CB1-B141-619B-1D4A8F065FBF" value="true"/>
</engineerTo>
<use>0</use>
<ownDataTypeParameters>,,</ownDataTypeParameters>
</Attribute>
<Attribute name="descricao prato" id="CE1DB2FA-41B3-807E-8D2D-9F6EF0EAAA8C">
<createdBy>logonrmlocal</createdBy>
<createdTime>2024-04-22 11:28:22 UTC</createdTime>
<ownerDesignName>EX1CAP5</ownerDesignName>
<engineerTo>
<item key="DDD9378D-7CB1-B141-619B-1D4A8F065FBF" value="true"/>
</engineerTo>
<use>0</use>
<ownDataTypeParameters>,,</ownDataTypeParameters>
</Attribute>
<Attribute name="preco" id="69F82051-6E2F-BF90-6A56-DC34F58AC469">
<createdBy>logonrmlocal</createdBy>
<createdTime>2024-04-22 11:28:32 UTC</createdTime>
<ownerDesignName>EX1CAP5</ownerDesignName>
<engineerTo>
<item key="DDD9378D-7CB1-B141-619B-1D4A8F065FBF" value="true"/>
</engineerTo>
<use>0</use>
<ownDataTypeParameters>,,</ownDataTypeParameters>
</Attribute>
<Attribute name="dt_ultima_alteracao_preco" id="4779DA75-D6CB-726A-2FF8-C65D006AB41A">
<createdBy>logonrmlocal</createdBy>
<createdTime>2024-04-22 11:28:44 UTC</createdTime>
<ownerDesignName>EX1CAP5</ownerDesignName>
<engineerTo>
<item key="DDD9378D-7CB1-B141-619B-1D4A8F065FBF" value="true"/>
</engineerTo>
<use>0</use>
<ownDataTypeParameters>,,</ownDataTypeParameters>
</Attribute>
</attributes>
<identifiers itemClass="oracle.dbtools.crest.model.design.logical.CandidateKey">
<identifier id="83564206-17BA-B507-FD81-3854F3AA6FC2" name="CARDAPIOS PK">
<createdBy>logonrmlocal</createdBy>
<createdTime>2024-04-22 11:27:54 UTC</createdTime>
<ownerDesignName>EX1CAP5</ownerDesignName>
<engineerTo>
<item key="DDD9378D-7CB1-B141-619B-1D4A8F065FBF" value="true"/>
</engineerTo>
<pk>true</pk>
<usedAttributes>
<attributeRef>7233BE7F-EEC3-6B17-EB40-FDA045072A72</attributeRef>
</usedAttributes>
</identifier>
</identifiers>
</Entity>