<?xml version = '1.0' encoding = 'UTF-8'?>
<Entity class="oracle.dbtools.crest.model.design.logical.Entity" directorySegmentName="seg_0" id="4062D358-DA12-19D7-83AD-18CD2EF4470E" name="PRATOS">
<createdBy>logonrmlocal</createdBy>
<createdTime>2024-04-22 11:12:14 UTC</createdTime>
<ownerDesignName>EX1CAP5</ownerDesignName>
<engineerTo>
<item key="DDD9378D-7CB1-B141-619B-1D4A8F065FBF" value="true"/>
</engineerTo>
<adequatelyNormalized>NO</adequatelyNormalized>
<expectedVolumes>0</expectedVolumes>
<fwdEngineeringStrategyName>Single Table</fwdEngineeringStrategyName>
<growthPercent>0</growthPercent>
<growthType>Year</growthType>
<maxVolumes>9999999</maxVolumes>
<minVolumes>0</minVolumes>
<normalForm>Third</normalForm>
<attributes itemClass="oracle.dbtools.crest.model.design.logical.Attribute">
<Attribute name="cod_prato" id="7BAC62EC-1BB5-2A6B-D152-6BFCA6E4C1EE">
<createdBy>logonrmlocal</createdBy>
<createdTime>2024-04-22 11:12:28 UTC</createdTime>
<ownerDesignName>EX1CAP5</ownerDesignName>
<engineerTo>
<item key="DDD9378D-7CB1-B141-619B-1D4A8F065FBF" value="true"/>
</engineerTo>
<use>0</use>
<ownDataTypeParameters>,,</ownDataTypeParameters>
</Attribute>
<Attribute name="nome" id="37E22302-BE3F-B015-3DC2-1E540E31B019">
<createdBy>logonrmlocal</createdBy>
<createdTime>2024-04-22 11:26:34 UTC</createdTime>
<ownerDesignName>EX1CAP5</ownerDesignName>
<engineerTo>
<item key="DDD9378D-7CB1-B141-619B-1D4A8F065FBF" value="true"/>
</engineerTo>
<use>0</use>
<ownDataTypeParameters>,,</ownDataTypeParameters>
</Attribute>
<Attribute name="valor" id="83C478DE-072D-F809-435E-930916F36696">
<createdBy>logonrmlocal</createdBy>
<createdTime>2024-04-22 11:13:13 UTC</createdTime>
<ownerDesignName>EX1CAP5</ownerDesignName>
<engineerTo>
<item key="DDD9378D-7CB1-B141-619B-1D4A8F065FBF" value="true"/>
</engineerTo>
<use>0</use>
<ownDataTypeParameters>,,</ownDataTypeParameters>
</Attribute>
</attributes>
<identifiers itemClass="oracle.dbtools.crest.model.design.logical.CandidateKey">
<identifier id="ECAB9F13-45A9-0AA2-A035-D930AA611A18" name="CARDAPIO PK">
<createdBy>logonrmlocal</createdBy>
<createdTime>2024-04-22 11:12:47 UTC</createdTime>
<ownerDesignName>EX1CAP5</ownerDesignName>
<engineerTo>
<item key="DDD9378D-7CB1-B141-619B-1D4A8F065FBF" value="true"/>
</engineerTo>
<pk>true</pk>
<usedAttributes>
<attributeRef>7BAC62EC-1BB5-2A6B-D152-6BFCA6E4C1EE</attributeRef>
</usedAttributes>
</identifier>
</identifiers>
</Entity>