<?xml version = '1.0' encoding = 'UTF-8'?>
<Entity class="oracle.dbtools.crest.model.design.logical.Entity" directorySegmentName="seg_0" id="4F4822EF-8D72-749C-E92E-8A95F6FD51FA" name="COMANDAS">
<createdBy>logonrmlocal</createdBy>
<createdTime>2024-04-22 11:13:35 UTC</createdTime>
<ownerDesignName>EX1CAP5</ownerDesignName>
<engineerTo>
<item key="DDD9378D-7CB1-B141-619B-1D4A8F065FBF" value="true"/>
</engineerTo>
<adequatelyNormalized>NO</adequatelyNormalized>
<expectedVolumes>0</expectedVolumes>
<fwdEngineeringStrategyName>Single Table</fwdEngineeringStrategyName>
<growthPercent>0</growthPercent>
<growthType>Year</growthType>
<maxVolumes>9999999</maxVolumes>
<minVolumes>0</minVolumes>
<normalForm>Third</normalForm>
<attributes itemClass="oracle.dbtools.crest.model.design.logical.Attribute">
<Attribute name="cod_comanda" id="CAB888C6-2455-02D2-DEE9-6660165C6801">
<createdBy>logonrmlocal</createdBy>
<createdTime>2024-04-22 11:13:48 UTC</createdTime>
<ownerDesignName>EX1CAP5</ownerDesignName>
<engineerTo>
<item key="DDD9378D-7CB1-B141-619B-1D4A8F065FBF" value="true"/>
</engineerTo>
<use>0</use>
<ownDataTypeParameters>,,</ownDataTypeParameters>
</Attribute>
<Attribute name="num_pratos_e_quantidades" id="008E99BF-7AB7-5855-DEC9-0EC8C9955E5F">
<createdBy>logonrmlocal</createdBy>
<createdTime>2024-04-22 11:13:55 UTC</createdTime>
<ownerDesignName>EX1CAP5</ownerDesignName>
<engineerTo>
<item key="DDD9378D-7CB1-B141-619B-1D4A8F065FBF" value="true"/>
</engineerTo>
<use>0</use>
<ownDataTypeParameters>,,</ownDataTypeParameters>
</Attribute>
<Attribute name="cod_cliente" id="81227284-D2B1-8EDA-C855-7FFB251B0540">
<createdBy>logonrmlocal</createdBy>
<createdTime>2024-04-22 11:45:45 UTC</createdTime>
<generatorID>EB69297F-2711-2ABD-6D04-75A1D6B8D3AC</generatorID>
<ownerDesignName>EX1CAP5</ownerDesignName>
<engineerTo>
<item key="DDD9378D-7CB1-B141-619B-1D4A8F065FBF" value="true"/>
</engineerTo>
<referedAttribute>DD0DF63F-AF86-C33F-1B67-8FA03B3A82DD</referedAttribute>
<use>0</use>
<ownDataTypeParameters>,,</ownDataTypeParameters>
</Attribute>
</attributes>
<identifiers itemClass="oracle.dbtools.crest.model.design.logical.CandidateKey">
<identifier id="BA64F8C2-DDDD-3EB3-EC3F-7597839BA50D" name="PEDIDOS PK">
<createdBy>logonrmlocal</createdBy>
<createdTime>2024-04-22 11:13:54 UTC</createdTime>
<ownerDesignName>EX1CAP5</ownerDesignName>
<engineerTo>
<item key="DDD9378D-7CB1-B141-619B-1D4A8F065FBF" value="true"/>
</engineerTo>
<pk>true</pk>
<usedAttributes>
<attributeRef>CAB888C6-2455-02D2-DEE9-6660165C6801</attributeRef>
</usedAttributes>
</identifier>
</identifiers>
</Entity>