<?xml version = '1.0' encoding = 'UTF-8'?>
<Entity class="oracle.dbtools.crest.model.design.logical.Entity" directorySegmentName="seg_0" id="60985493-283C-329D-D0E3-D9A55BB25AE8" name="CLIENTES">
<createdBy>logonrmlocal</createdBy>
<createdTime>2024-04-22 11:09:53 UTC</createdTime>
<ownerDesignName>EX1CAP5</ownerDesignName>
<engineerTo>
<item key="DDD9378D-7CB1-B141-619B-1D4A8F065FBF" value="true"/>
</engineerTo>
<adequatelyNormalized>NO</adequatelyNormalized>
<expectedVolumes>0</expectedVolumes>
<fwdEngineeringStrategyName>Single Table</fwdEngineeringStrategyName>
<growthPercent>0</growthPercent>
<growthType>Year</growthType>
<maxVolumes>9999999</maxVolumes>
<minVolumes>0</minVolumes>
<normalForm>Third</normalForm>
<attributes itemClass="oracle.dbtools.crest.model.design.logical.Attribute">
<Attribute name="cod_cliente" id="DD0DF63F-AF86-C33F-1B67-8FA03B3A82DD">
<createdBy>logonrmlocal</createdBy>
<createdTime>2024-04-22 11:10:27 UTC</createdTime>
<ownerDesignName>EX1CAP5</ownerDesignName>
<engineerTo>
<item key="DDD9378D-7CB1-B141-619B-1D4A8F065FBF" value="true"/>
</engineerTo>
<use>0</use>
<ownDataTypeParameters>,,</ownDataTypeParameters>
</Attribute>
<Attribute name="primeiro_nome " id="BFA4DBB7-DA19-4D17-DA31-57F471E62FF2">
<createdBy>logonrmlocal</createdBy>
<createdTime>2024-04-22 11:11:00 UTC</createdTime>
<ownerDesignName>EX1CAP5</ownerDesignName>
<engineerTo>
<item key="DDD9378D-7CB1-B141-619B-1D4A8F065FBF" value="true"/>
</engineerTo>
<use>0</use>
<ownDataTypeParameters>,,</ownDataTypeParameters>
</Attribute>
<Attribute name="sobrenome" id="1CAC49BD-F482-077F-5C88-CEB38B230454">
<createdBy>logonrmlocal</createdBy>
<createdTime>2024-04-22 11:34:48 UTC</createdTime>
<ownerDesignName>EX1CAP5</ownerDesignName>
<engineerTo>
<item key="DDD9378D-7CB1-B141-619B-1D4A8F065FBF" value="true"/>
</engineerTo>
<use>0</use>
<ownDataTypeParameters>,,</ownDataTypeParameters>
</Attribute>
<Attribute name="endereco" id="FF9A8667-AB94-69AA-AC7D-FB91BA8594C6">
<createdBy>logonrmlocal</createdBy>
<createdTime>2024-04-22 11:11:31 UTC</createdTime>
<ownerDesignName>EX1CAP5</ownerDesignName>
<engineerTo>
<item key="DDD9378D-7CB1-B141-619B-1D4A8F065FBF" value="true"/>
</engineerTo>
<use>0</use>
<ownDataTypeParameters>,,</ownDataTypeParameters>
</Attribute>
<Attribute name="ref_endereco" id="636B301A-37B5-CEDE-8C3F-4B5A9FDB9E7C">
<createdBy>logonrmlocal</createdBy>
<createdTime>2024-04-22 11:11:43 UTC</createdTime>
<ownerDesignName>EX1CAP5</ownerDesignName>
<engineerTo>
<item key="DDD9378D-7CB1-B141-619B-1D4A8F065FBF" value="true"/>
</engineerTo>
<nullsAllowed>true</nullsAllowed>
<use>0</use>
<ownDataTypeParameters>,,</ownDataTypeParameters>
</Attribute>
<Attribute name="telefone" id="D72219A1-364C-5049-4AB1-A4F77D31E91F">
<createdBy>logonrmlocal</createdBy>
<createdTime>2024-04-22 11:11:51 UTC</createdTime>
<ownerDesignName>EX1CAP5</ownerDesignName>
<engineerTo>
<item key="DDD9378D-7CB1-B141-619B-1D4A8F065FBF" value="true"/>
</engineerTo>
<use>0</use>
<ownDataTypeParameters>,,</ownDataTypeParameters>
</Attribute>
</attributes>
<identifiers itemClass="oracle.dbtools.crest.model.design.logical.CandidateKey">
<identifier id="6E9E9AA4-2157-0082-E6B8-430A000098D0" name="CLIENTES PK">
<createdBy>logonrmlocal</createdBy>
<createdTime>2024-04-22 11:11:15 UTC</createdTime>
<ownerDesignName>EX1CAP5</ownerDesignName>
<engineerTo>
<item key="DDD9378D-7CB1-B141-619B-1D4A8F065FBF" value="true"/>
</engineerTo>
<pk>true</pk>
<usedAttributes>
<attributeRef>DD0DF63F-AF86-C33F-1B67-8FA03B3A82DD</attributeRef>
</usedAttributes>
</identifier>
</identifiers>
</Entity>