<?xml version = '1.0' encoding = 'UTF-8'?>
<Entity class="oracle.dbtools.crest.model.design.logical.Entity" directorySegmentName="seg_0" id="AE4B5A71-932C-3104-1883-835309C7FD4E" name="CARDAPIO_PRATOS">
<createdBy>logonrmlocal</createdBy>
<createdTime>2024-04-22 12:00:15 UTC</createdTime>
<ownerDesignName>EX1CAP5</ownerDesignName>
<engineerTo>
<item key="DDD9378D-7CB1-B141-619B-1D4A8F065FBF" value="true"/>
</engineerTo>
<adequatelyNormalized>NO</adequatelyNormalized>
<expectedVolumes>0</expectedVolumes>
<fwdEngineeringStrategyName>Single Table</fwdEngineeringStrategyName>
<growthPercent>0</growthPercent>
<growthType>Year</growthType>
<maxVolumes>9999999</maxVolumes>
<minVolumes>0</minVolumes>
<normalForm>Third</normalForm>
<attributes itemClass="oracle.dbtools.crest.model.design.logical.Attribute">
<Attribute name="cod_prato" id="79CD2C55-02B5-0219-6113-2834F012D84C">
<createdBy>logonrmlocal</createdBy>
<createdTime>2024-04-22 12:01:23 UTC</createdTime>
<generatorID>8580C53C-73B3-0DE3-DE67-62E5665EEC5F</generatorID>
<ownerDesignName>EX1CAP5</ownerDesignName>
<engineerTo>
<item key="DDD9378D-7CB1-B141-619B-1D4A8F065FBF" value="true"/>
</engineerTo>
<referedAttribute>7BAC62EC-1BB5-2A6B-D152-6BFCA6E4C1EE</referedAttribute>
<use>0</use>
<ownDataTypeParameters>,,</ownDataTypeParameters>
</Attribute>
<Attribute name="cod_cardapio" id="DF5F2F20-56C0-5634-7A8F-D15C1E76FE7D">
<createdBy>logonrmlocal</createdBy>
<createdTime>2024-04-22 12:01:38 UTC</createdTime>
<generatorID>A9222B55-3A9E-FC11-7982-9AF67A5A0300</generatorID>
<ownerDesignName>EX1CAP5</ownerDesignName>
<engineerTo>
<item key="DDD9378D-7CB1-B141-619B-1D4A8F065FBF" value="true"/>
</engineerTo>
<referedAttribute>7233BE7F-EEC3-6B17-EB40-FDA045072A72</referedAttribute>
<use>0</use>
<ownDataTypeParameters>,,</ownDataTypeParameters>
</Attribute>
</attributes>
<identifiers itemClass="oracle.dbtools.crest.model.design.logical.CandidateKey">
<identifier id="AF4A62B3-D1BD-104A-5167-8C86DC3402EB" name="CARDAPIO_PRATOS PK">
<createdBy>logonrmlocal</createdBy>
<createdTime>2024-04-22 12:01:23 UTC</createdTime>
<ownerDesignName>EX1CAP5</ownerDesignName>
<engineerTo>
<item key="DDD9378D-7CB1-B141-619B-1D4A8F065FBF" value="true"/>
</engineerTo>
<pk>true</pk>
<usedAttributes>
<attributeRef>79CD2C55-02B5-0219-6113-2834F012D84C</attributeRef>
<attributeRef>DF5F2F20-56C0-5634-7A8F-D15C1E76FE7D</attributeRef>
</usedAttributes>
</identifier>
</identifiers>
</Entity>