<?xml version = '1.0' encoding = 'UTF-8'?>
<relationalModel class="oracle.dbtools.crest.model.design.relational.RelationalDesign" name="Relational_1" id="B4BAC5F2-AE1B-B69E-B974-FFA2552D3266" mainViewID="60D649A2-6E23-1A30-BC98-C8AD538C8FDC">
<createdBy>logonrmlocal</createdBy>
<createdTime>2024-04-15 10:50:48 UTC</createdTime>
<ownerDesignName>exercicio5</ownerDesignName>
<shouldBeOpen>false</shouldBeOpen>
<selectedRDBMSSite>32076570-2523-435C-2E92-BF29817DFF70</selectedRDBMSSite>
</relationalModel>