<?xml version = '1.0' encoding = 'UTF-8'?>
<Diagram class="oracle.dbtools.crest.swingui.logical.DPVLogical" name="Logical" id="558B402E-4F10-682E-908D-A9A573BD2117">
<createdBy>logonrmlocal</createdBy>
<modifiedBy>logonrmlocal</modifiedBy>
<createdTime>2024-04-22 11:09:53 UTC</createdTime>
<autoRoute>false</autoRoute>
<boxInbox>true</boxInbox>
<showLegend>false</showLegend>
<showLabels>false</showLabels>
<showRelAttributes>false</showRelAttributes>
<gridEnabled>false</gridEnabled>
<showGrid>false</showGrid>
<diagramColor>-1</diagramColor>
<display>false</display>
<notation>1</notation>
<objectViews>
<OView class="oracle.dbtools.crest.swingui.logical.TVEntity" oid="3239BD96-BF7D-0B5F-F886-2AF14B72BBBE" otype="Entity" vid="70156CF0-8ED5-EB24-EFED-52E4C0CFB774">
<hideElementsInCurrentOnly>false</hideElementsInCurrentOnly>
<bounds x="630" y="600" width="170" height="110"/>
</OView>
<OView class="oracle.dbtools.crest.swingui.logical.TVEntity" oid="4062D358-DA12-19D7-83AD-18CD2EF4470E" otype="Entity" vid="2C98CB7F-54FA-AA1F-60A3-DDC305F9B5B6">
<hideElementsInCurrentOnly>false</hideElementsInCurrentOnly>
<bounds x="625" y="93" width="170" height="110"/>
</OView>
<OView class="oracle.dbtools.crest.swingui.logical.TVEntity" oid="4F4822EF-8D72-749C-E92E-8A95F6FD51FA" otype="Entity" vid="3F0706DF-8CE8-B8D8-3F19-7D3680263688">
<hideElementsInCurrentOnly>false</hideElementsInCurrentOnly>
<bounds x="327" y="482" width="170" height="110"/>
</OView>
<OView class="oracle.dbtools.crest.swingui.TVNote" oid="59337645-83A5-3681-E2DD-FC772EBC2BF1" otype="Note" vid="660EA06C-AB3A-9A21-4F88-F12BF906A526">
<hideElementsInCurrentOnly>false</hideElementsInCurrentOnly>
<bounds x="297" y="151" width="68" height="46"/>
<comment>FORTE</comment>
</OView>
<OView class="oracle.dbtools.crest.swingui.logical.TVEntity" oid="60985493-283C-329D-D0E3-D9A55BB25AE8" otype="Entity" vid="719D079E-3175-D49E-1885-A2C3813C2123">
<hideElementsInCurrentOnly>false</hideElementsInCurrentOnly>
<bounds x="330" y="205" width="170" height="110"/>
</OView>
<OView class="oracle.dbtools.crest.swingui.logical.TVEntity" oid="AE4B5A71-932C-3104-1883-835309C7FD4E" otype="Entity" vid="E02C4084-734F-FD78-EDC3-ED4D67BEB140">
<hideElementsInCurrentOnly>false</hideElementsInCurrentOnly>
<bounds x="837" y="345" width="144" height="75"/>
</OView>
<OView class="oracle.dbtools.crest.swingui.TVNote" oid="FFC00B61-DA4E-C3CC-0337-14BA548C9E53" otype="Note" vid="4B9FBD79-60AC-77A2-7F0A-3B26774A60EB">
<hideElementsInCurrentOnly>false</hideElementsInCurrentOnly>
<bounds x="245" y="431" width="95" height="40"/>
<comment>FRACO</comment>
</OView>
</objectViews>
<connectors>
<Connector class="oracle.dbtools.crest.swingui.logical.TVRelation" oid="8580C53C-73B3-0DE3-DE67-62E5665EEC5F" otype="Relation" vid_source="2C98CB7F-54FA-AA1F-60A3-DDC305F9B5B6" vid_target="E02C4084-734F-FD78-EDC3-ED4D67BEB140">
<hideElementsInCurrentOnly>false</hideElementsInCurrentOnly>
<backgroundColor>-16777216</backgroundColor>
<lineWidth>1</lineWidth>
<points>
<point x="756" y="203"/>
<point x="877" y="345"/>
</points>
</Connector>
<Connector class="oracle.dbtools.crest.swingui.logical.TVRelation" oid="A9222B55-3A9E-FC11-7982-9AF67A5A0300" otype="Relation" vid_source="70156CF0-8ED5-EB24-EFED-52E4C0CFB774" vid_target="E02C4084-734F-FD78-EDC3-ED4D67BEB140">
<hideElementsInCurrentOnly>false</hideElementsInCurrentOnly>
<backgroundColor>-16777216</backgroundColor>
<lineWidth>1</lineWidth>
<points>
<point x="754" y="600"/>
<point x="882" y="420"/>
</points>
</Connector>
<Connector class="oracle.dbtools.crest.swingui.logical.TVRelation" oid="EB69297F-2711-2ABD-6D04-75A1D6B8D3AC" otype="Relation" vid_source="719D079E-3175-D49E-1885-A2C3813C2123" vid_target="3F0706DF-8CE8-B8D8-3F19-7D3680263688">
<hideElementsInCurrentOnly>false</hideElementsInCurrentOnly>
<backgroundColor>-16777216</backgroundColor>
<lineWidth>1</lineWidth>
<points>
<point x="413" y="315"/>
<point x="413" y="482"/>
</points>
</Connector>
</connectors>
</Diagram>