<?xml version = '1.0' encoding = 'UTF-8'?>
<relationalModel class="oracle.dbtools.crest.model.design.relational.RelationalDesign" name="Relational_1" id="0FE4848A-C85A-C4E1-8F37-6F17371663D3" mainViewID="E4D5EE75-0847-F7D4-7E94-476EA754EAC7">
<createdBy>logonrmlocal</createdBy>
<createdTime>2024-04-08 11:03:06 UTC</createdTime>
<ownerDesignName>EXERCICIO3</ownerDesignName>
<shouldBeOpen>false</shouldBeOpen>
<selectedRDBMSSite>32076570-2523-435C-2E92-BF29817DFF70</selectedRDBMSSite>
</relationalModel>