<?xml version = '1.0' encoding = 'UTF-8'?>
<relationalModel class="oracle.dbtools.crest.model.design.relational.RelationalDesign" name="Relational_1" id="F47A6317-2361-B385-FA3E-33D3B45B2AD9" mainViewID="317C82D1-CB62-F5D2-E44A-5D099E675749">
<createdBy>logonrmlocal</createdBy>
<createdTime>2024-04-08 11:33:44 UTC</createdTime>
<ownerDesignName>EXERCICIO4</ownerDesignName>
<shouldBeOpen>false</shouldBeOpen>
<selectedRDBMSSite>32076570-2523-435C-2E92-BF29817DFF70</selectedRDBMSSite>
</relationalModel>