<?xml version = '1.0' encoding = 'UTF-8'?>
<Diagram class="oracle.dbtools.crest.swingui.relational.DPVRelational" name="Relational_1" id="9BC84AAD-8480-C173-E2D5-B9A289803551">
<createdBy>logonrmlocal</createdBy>
<modifiedBy>logonrmlocal</modifiedBy>
<createdTime>2024-04-22 12:15:31 UTC</createdTime>
<autoRoute>false</autoRoute>
<boxInbox>true</boxInbox>
<showLegend>false</showLegend>
<showLabels>false</showLabels>
<showRelAttributes>false</showRelAttributes>
<gridEnabled>false</gridEnabled>
<showGrid>false</showGrid>
<diagramColor>-1</diagramColor>
<display>false</display>
<notation>1</notation>
<objectViews>
<OView class="oracle.dbtools.crest.swingui.relational.TVTable" oid="10AD34D2-E258-76F8-39C1-0DAEFF427FD1" otype="Table" vid="A846F46C-687F-1AEF-BB45-3A7D03A3A109">
<hideElementsInCurrentOnly>false</hideElementsInCurrentOnly>
<bounds x="327" y="482" width="170" height="110"/>
</OView>
<OView class="oracle.dbtools.crest.swingui.relational.TVTable" oid="64ACD44F-D6FF-F2FB-CE88-5885AFF65575" otype="Table" vid="A167A6F2-7D4D-7DFB-6226-BBC028BB8538">
<hideElementsInCurrentOnly>false</hideElementsInCurrentOnly>
<bounds x="625" y="93" width="170" height="110"/>
</OView>
<OView class="oracle.dbtools.crest.swingui.relational.TVTable" oid="6D081318-201B-49DF-82B6-A70AAE822409" otype="Table" vid="D990EF5B-B4EB-65AB-0F0D-450678F9C950">
<hideElementsInCurrentOnly>false</hideElementsInCurrentOnly>
<bounds x="330" y="205" width="170" height="110"/>
</OView>
<OView class="oracle.dbtools.crest.swingui.relational.TVTable" oid="904D9DD7-1030-D6F8-DAD2-7567CC84AF35" otype="Table" vid="592943B4-9DC1-26CF-9655-0F7D1374BBF7">
<hideElementsInCurrentOnly>false</hideElementsInCurrentOnly>
<bounds x="837" y="345" width="144" height="75"/>
</OView>
<OView class="oracle.dbtools.crest.swingui.relational.TVTable" oid="BA30A063-6F6E-EDF4-9D3B-E190AADCA6AE" otype="Table" vid="5571EA90-11FE-75B0-A503-F763DC902665">
<hideElementsInCurrentOnly>false</hideElementsInCurrentOnly>
<bounds x="630" y="600" width="170" height="110"/>
</OView>
</objectViews>
<connectors>
<Connector class="oracle.dbtools.crest.swingui.relational.TVFKRelation" oid="AA0753DC-6036-C384-53F2-952109B2BA9B" otype="FKIndexAssociation" vid_source="D990EF5B-B4EB-65AB-0F0D-450678F9C950" vid_target="A846F46C-687F-1AEF-BB45-3A7D03A3A109">
<hideElementsInCurrentOnly>false</hideElementsInCurrentOnly>
<backgroundColor>-16777216</backgroundColor>
<lineWidth>1</lineWidth>
<points>
<point x="413" y="315"/>
<point x="413" y="482"/>
</points>
</Connector>
<Connector class="oracle.dbtools.crest.swingui.relational.TVFKRelation" oid="D12C9616-8DCE-3728-26A3-75129CE32A18" otype="FKIndexAssociation" vid_source="5571EA90-11FE-75B0-A503-F763DC902665" vid_target="592943B4-9DC1-26CF-9655-0F7D1374BBF7">
<hideElementsInCurrentOnly>false</hideElementsInCurrentOnly>
<backgroundColor>-16777216</backgroundColor>
<lineWidth>1</lineWidth>
<points>
<point x="754" y="600"/>
<point x="882" y="420"/>
</points>
</Connector>
<Connector class="oracle.dbtools.crest.swingui.relational.TVFKRelation" oid="DB4DCEAE-FBDB-7172-BF59-2B894A26CCB3" otype="FKIndexAssociation" vid_source="A167A6F2-7D4D-7DFB-6226-BBC028BB8538" vid_target="592943B4-9DC1-26CF-9655-0F7D1374BBF7">
<hideElementsInCurrentOnly>false</hideElementsInCurrentOnly>
<backgroundColor>-16777216</backgroundColor>
<lineWidth>1</lineWidth>
<points>
<point x="756" y="203"/>
<point x="877" y="345"/>
</points>
</Connector>
</connectors>
</Diagram>