<?xml version = '1.0' encoding = 'UTF-8'?>
<FKIndexAssociation class="oracle.dbtools.crest.model.design.relational.FKIndexAssociation" directorySegmentName="seg_0" id="AA0753DC-6036-C384-53F2-952109B2BA9B" containerWithKeyObject="10AD34D2-E258-76F8-39C1-0DAEFF427FD1" localFKIndex="9F46D34E-9BD9-8D71-F90B-E931E2DE5A69" name="COMANDAS_CLIENTES_FK">
<createdBy>logonrmlocal</createdBy>
<createdTime>2024-04-22 12:15:31 UTC</createdTime>
<generatorID>EB69297F-2711-2ABD-6D04-75A1D6B8D3AC</generatorID>
<ownerDesignName>EX1CAP5</ownerDesignName>
<referredTableLongName>CLIENTES</referredTableLongName>
<deleteRule>NO ACTION</deleteRule>
<referredTableID>6D081318-201B-49DF-82B6-A70AAE822409</referredTableID>
<keyObject>12835CDF-001A-F525-24F0-E33DCB539FD5</keyObject>
<referredKeyID>12835CDF-001A-F525-24F0-E33DCB539FD5</referredKeyID>
<mandatory>true</mandatory>
<refColNames>cod_cliente</refColNames>
<transferable>true</transferable>
<rely>false</rely>
<columnDependencyConstraintGenerateInDDL>true</columnDependencyConstraintGenerateInDDL>
</FKIndexAssociation>