<?xml version = '1.0' encoding = 'UTF-8'?>
<FKIndexAssociation class="oracle.dbtools.crest.model.design.relational.FKIndexAssociation" directorySegmentName="seg_0" id="D12C9616-8DCE-3728-26A3-75129CE32A18" containerWithKeyObject="904D9DD7-1030-D6F8-DAD2-7567CC84AF35" localFKIndex="F17381FE-E40D-2568-C1C6-AE714F14D597" name="CARDAPIO_PRATOS_CARDAPIOS_FK">
<createdBy>logonrmlocal</createdBy>
<createdTime>2024-04-22 12:15:31 UTC</createdTime>
<generatorID>A9222B55-3A9E-FC11-7982-9AF67A5A0300</generatorID>
<ownerDesignName>EX1CAP5</ownerDesignName>
<referredTableLongName>CARDAPIOS</referredTableLongName>
<deleteRule>NO ACTION</deleteRule>
<referredTableID>BA30A063-6F6E-EDF4-9D3B-E190AADCA6AE</referredTableID>
<keyObject>525989CA-EDDD-BAAD-2715-BDF098E262AB</keyObject>
<referredKeyID>525989CA-EDDD-BAAD-2715-BDF098E262AB</referredKeyID>
<mandatory>true</mandatory>
<refColNames>cod_cardapio</refColNames>
<transferable>true</transferable>
<rely>false</rely>
<columnDependencyConstraintGenerateInDDL>true</columnDependencyConstraintGenerateInDDL>
</FKIndexAssociation>