<?xml version = '1.0' encoding = 'UTF-8'?>
<FKIndexAssociation class="oracle.dbtools.crest.model.design.relational.FKIndexAssociation" directorySegmentName="seg_0" id="DB4DCEAE-FBDB-7172-BF59-2B894A26CCB3" containerWithKeyObject="904D9DD7-1030-D6F8-DAD2-7567CC84AF35" localFKIndex="EBC2CCBC-9896-B329-2AB9-783787C92DFB" name="CARDAPIO_PRATOS_PRATOS_FK">
<createdBy>logonrmlocal</createdBy>
<createdTime>2024-04-22 12:15:31 UTC</createdTime>
<generatorID>8580C53C-73B3-0DE3-DE67-62E5665EEC5F</generatorID>
<ownerDesignName>EX1CAP5</ownerDesignName>
<referredTableLongName>PRATOS</referredTableLongName>
<deleteRule>NO ACTION</deleteRule>
<referredTableID>64ACD44F-D6FF-F2FB-CE88-5885AFF65575</referredTableID>
<keyObject>F030D970-B136-E48C-97EB-05FB88DF611C</keyObject>
<referredKeyID>F030D970-B136-E48C-97EB-05FB88DF611C</referredKeyID>
<mandatory>true</mandatory>
<refColNames>cod_prato</refColNames>
<transferable>true</transferable>
<rely>false</rely>
<columnDependencyConstraintGenerateInDDL>true</columnDependencyConstraintGenerateInDDL>
</FKIndexAssociation>