<?xml version = '1.0' encoding = 'UTF-8'?>
<Diagram class="oracle.dbtools.crest.swingui.logical.DPVLogical" name="Logical" id="0EF59D47-6C2F-D15D-F047-0550284DE8D1">
<createdBy>logonrmlocal</createdBy>
<modifiedBy>logonrmlocal</modifiedBy>
<createdTime>2024-04-01 12:20:04 UTC</createdTime>
<autoRoute>false</autoRoute>
<boxInbox>true</boxInbox>
<showLegend>false</showLegend>
<showLabels>false</showLabels>
<showRelAttributes>false</showRelAttributes>
<gridEnabled>false</gridEnabled>
<showGrid>false</showGrid>
<diagramColor>-1</diagramColor>
<display>false</display>
<notation>1</notation>
<objectViews>
<OView class="oracle.dbtools.crest.swingui.logical.TVEntity" oid="6BB1A113-5F71-0F38-A59B-61BB32E1805B" otype="Entity" vid="4F13F849-66BE-F9AA-F8DF-2F91B718306F">
<hideElementsInCurrentOnly>false</hideElementsInCurrentOnly>
<bounds x="626" y="161" width="129" height="96"/>
</OView>
<OView class="oracle.dbtools.crest.swingui.logical.TVEntity" oid="A2CB454A-3A52-B1E5-6ABC-F37FD28F2C02" otype="Entity" vid="D79D58EB-798D-3A44-BB5B-1756DBABE17E">
<hideElementsInCurrentOnly>false</hideElementsInCurrentOnly>
<bounds x="139" y="160" width="147" height="54"/>
</OView>
<OView class="oracle.dbtools.crest.swingui.logical.TVEntity" oid="FA287EDF-0B97-3E98-6173-9D085E7DB012" otype="Entity" vid="5DCCFBD3-827C-1C99-09D9-D2F5CBED13D1">
<hideElementsInCurrentOnly>false</hideElementsInCurrentOnly>
<bounds x="351" y="130" width="103" height="82"/>
</OView>
</objectViews>
</Diagram>