<?xml version = '1.0' encoding = 'UTF-8'?>
<Entity class="oracle.dbtools.crest.model.design.logical.Entity" directorySegmentName="seg_0" id="01AB95D4-973B-67A5-D968-7777B0060D44" name="EMPRESTIMOS">
<createdBy>logonrmlocal</createdBy>
<createdTime>2024-04-15 11:12:49 UTC</createdTime>
<ownerDesignName>exercicio5</ownerDesignName>
<engineerTo>
<item key="B4BAC5F2-AE1B-B69E-B974-FFA2552D3266" value="true"/>
</engineerTo>
<adequatelyNormalized>NO</adequatelyNormalized>
<expectedVolumes>0</expectedVolumes>
<fwdEngineeringStrategyName>Single Table</fwdEngineeringStrategyName>
<growthPercent>0</growthPercent>
<growthType>Year</growthType>
<maxVolumes>9999999</maxVolumes>
<minVolumes>0</minVolumes>
<normalForm>Third</normalForm>
<attributes itemClass="oracle.dbtools.crest.model.design.logical.Attribute">
<Attribute name="dt_emprestimo" id="2BFBCDE7-3348-E715-5F60-2098C5E02007">
<createdBy>logonrmlocal</createdBy>
<createdTime>2024-04-15 11:13:03 UTC</createdTime>
<ownerDesignName>exercicio5</ownerDesignName>
<engineerTo>
<item key="B4BAC5F2-AE1B-B69E-B974-FFA2552D3266" value="true"/>
</engineerTo>
<use>0</use>
<ownDataTypeParameters>,,</ownDataTypeParameters>
</Attribute>
<Attribute name="dt_devolucao" id="C4ADB8C6-AEDD-E365-76EC-CB42BD75D683">
<createdBy>logonrmlocal</createdBy>
<createdTime>2024-04-15 11:13:49 UTC</createdTime>
<ownerDesignName>exercicio5</ownerDesignName>
<engineerTo>
<item key="B4BAC5F2-AE1B-B69E-B974-FFA2552D3266" value="true"/>
</engineerTo>
<nullsAllowed>true</nullsAllowed>
<use>0</use>
<ownDataTypeParameters>,,</ownDataTypeParameters>
</Attribute>
<Attribute name="cod_emprestimo" id="492F752A-D6D6-C946-CFC8-D9D6FDED17B4">
<createdBy>logonrmlocal</createdBy>
<createdTime>2024-04-15 11:17:25 UTC</createdTime>
<ownerDesignName>exercicio5</ownerDesignName>
<engineerTo>
<item key="B4BAC5F2-AE1B-B69E-B974-FFA2552D3266" value="true"/>
</engineerTo>
<use>0</use>
<ownDataTypeParameters>,,</ownDataTypeParameters>
</Attribute>
<Attribute name="nr_matricula" id="80592B12-2F8E-E2C9-7ED0-DC279A71AA9D">
<createdBy>logonrmlocal</createdBy>
<createdTime>2024-04-15 11:21:35 UTC</createdTime>
<generatorID>CAAC8380-3C36-9E39-6AC2-AAA49754FA26</generatorID>
<ownerDesignName>exercicio5</ownerDesignName>
<engineerTo>
<item key="B4BAC5F2-AE1B-B69E-B974-FFA2552D3266" value="true"/>
</engineerTo>
<referedAttribute>367F49A2-EF40-BE02-3AE1-213714558AD6</referedAttribute>
<use>0</use>
<ownDataTypeParameters>,,</ownDataTypeParameters>
</Attribute>
<Attribute name="cod_livro" id="A7CD97DD-10C3-7749-C621-68EFFFA1B291">
<createdBy>logonrmlocal</createdBy>
<createdTime>2024-04-15 11:28:07 UTC</createdTime>
<generatorID>EC1564E2-8233-DC7C-2420-1E580E799BA3</generatorID>
<ownerDesignName>exercicio5</ownerDesignName>
<engineerTo>
<item key="B4BAC5F2-AE1B-B69E-B974-FFA2552D3266" value="true"/>
</engineerTo>
<referedAttribute>4672EE05-DAFC-FCC2-1954-277E3A26871B</referedAttribute>
<use>0</use>
<ownDataTypeParameters>,,</ownDataTypeParameters>
</Attribute>
</attributes>
<identifiers itemClass="oracle.dbtools.crest.model.design.logical.CandidateKey">
<identifier id="05F0A368-ACED-0782-DEEC-46BB510BE333" name="EMPRESTIMOS PK">
<createdBy>logonrmlocal</createdBy>
<createdTime>2024-04-15 11:17:52 UTC</createdTime>
<ownerDesignName>exercicio5</ownerDesignName>
<engineerTo>
<item key="B4BAC5F2-AE1B-B69E-B974-FFA2552D3266" value="true"/>
</engineerTo>
<pk>true</pk>
<usedAttributes>
<attributeRef>492F752A-D6D6-C946-CFC8-D9D6FDED17B4</attributeRef>
<attributeRef>80592B12-2F8E-E2C9-7ED0-DC279A71AA9D</attributeRef>
<attributeRef>A7CD97DD-10C3-7749-C621-68EFFFA1B291</attributeRef>
</usedAttributes>
</identifier>
</identifiers>
</Entity>