<?xml version = '1.0' encoding = 'UTF-8'?>
<Entity class="oracle.dbtools.crest.model.design.logical.Entity" directorySegmentName="seg_0" id="633AA86F-3FE3-830D-3B87-2BC2F4968B92" name="AUTORES">
<createdBy>logonrmlocal</createdBy>
<createdTime>2024-04-15 11:02:46 UTC</createdTime>
<ownerDesignName>exercicio5</ownerDesignName>
<engineerTo>
<item key="B4BAC5F2-AE1B-B69E-B974-FFA2552D3266" value="true"/>
</engineerTo>
<adequatelyNormalized>NO</adequatelyNormalized>
<expectedVolumes>0</expectedVolumes>
<fwdEngineeringStrategyName>Single Table</fwdEngineeringStrategyName>
<growthPercent>0</growthPercent>
<growthType>Year</growthType>
<maxVolumes>9999999</maxVolumes>
<minVolumes>0</minVolumes>
<normalForm>Third</normalForm>
<attributes itemClass="oracle.dbtools.crest.model.design.logical.Attribute">
<Attribute name="cod_autor" id="CFBD7D40-E373-FA90-552D-05582FBAC010">
<createdBy>logonrmlocal</createdBy>
<createdTime>2024-04-15 11:05:06 UTC</createdTime>
<ownerDesignName>exercicio5</ownerDesignName>
<engineerTo>
<item key="B4BAC5F2-AE1B-B69E-B974-FFA2552D3266" value="true"/>
</engineerTo>
<use>0</use>
<ownDataTypeParameters>,,</ownDataTypeParameters>
</Attribute>
<Attribute name="nome" id="277E6F72-B912-1045-1385-307FE27A42A8">
<createdBy>logonrmlocal</createdBy>
<createdTime>2024-04-15 11:05:16 UTC</createdTime>
<ownerDesignName>exercicio5</ownerDesignName>
<engineerTo>
<item key="B4BAC5F2-AE1B-B69E-B974-FFA2552D3266" value="true"/>
</engineerTo>
<use>0</use>
<ownDataTypeParameters>,,</ownDataTypeParameters>
</Attribute>
<Attribute name="sobrenome" id="59FB9377-A905-B6EE-37AA-AF4ED1199C6C">
<createdBy>logonrmlocal</createdBy>
<createdTime>2024-04-15 11:05:31 UTC</createdTime>
<ownerDesignName>exercicio5</ownerDesignName>
<engineerTo>
<item key="B4BAC5F2-AE1B-B69E-B974-FFA2552D3266" value="true"/>
</engineerTo>
<use>0</use>
<ownDataTypeParameters>,,</ownDataTypeParameters>
</Attribute>
</attributes>
<identifiers itemClass="oracle.dbtools.crest.model.design.logical.CandidateKey">
<identifier id="284838EC-0FFF-3C53-B868-3DE82F5EECEA" name="AUTORES PK">
<createdBy>logonrmlocal</createdBy>
<createdTime>2024-04-15 11:05:15 UTC</createdTime>
<ownerDesignName>exercicio5</ownerDesignName>
<engineerTo>
<item key="B4BAC5F2-AE1B-B69E-B974-FFA2552D3266" value="true"/>
</engineerTo>
<pk>true</pk>
<usedAttributes>
<attributeRef>CFBD7D40-E373-FA90-552D-05582FBAC010</attributeRef>
</usedAttributes>
</identifier>
</identifiers>
</Entity>