<?xml version = '1.0' encoding = 'UTF-8'?>
<Entity class="oracle.dbtools.crest.model.design.logical.Entity" directorySegmentName="seg_0" id="80803B0D-BCA9-B347-03BC-130D58439553" name="ALUNOS">
<createdBy>logonrmlocal</createdBy>
<createdTime>2024-04-15 10:59:38 UTC</createdTime>
<ownerDesignName>exercicio5</ownerDesignName>
<engineerTo>
<item key="B4BAC5F2-AE1B-B69E-B974-FFA2552D3266" value="true"/>
</engineerTo>
<adequatelyNormalized>NO</adequatelyNormalized>
<expectedVolumes>0</expectedVolumes>
<fwdEngineeringStrategyName>Single Table</fwdEngineeringStrategyName>
<growthPercent>0</growthPercent>
<growthType>Year</growthType>
<maxVolumes>9999999</maxVolumes>
<minVolumes>0</minVolumes>
<normalForm>Third</normalForm>
<attributes itemClass="oracle.dbtools.crest.model.design.logical.Attribute">
<Attribute name="nr_matricula" id="367F49A2-EF40-BE02-3AE1-213714558AD6">
<createdBy>logonrmlocal</createdBy>
<createdTime>2024-04-15 11:00:21 UTC</createdTime>
<ownerDesignName>exercicio5</ownerDesignName>
<engineerTo>
<item key="B4BAC5F2-AE1B-B69E-B974-FFA2552D3266" value="true"/>
</engineerTo>
<use>0</use>
<ownDataTypeParameters>,,</ownDataTypeParameters>
</Attribute>
<Attribute name="nome" id="861E1A31-C369-F154-323D-420466D829DF">
<createdBy>logonrmlocal</createdBy>
<createdTime>2024-04-15 11:00:35 UTC</createdTime>
<ownerDesignName>exercicio5</ownerDesignName>
<engineerTo>
<item key="B4BAC5F2-AE1B-B69E-B974-FFA2552D3266" value="true"/>
</engineerTo>
<use>0</use>
<ownDataTypeParameters>,,</ownDataTypeParameters>
</Attribute>
<Attribute name="sobrenome" id="B072B843-C393-3C3A-D6D8-E296DD2AEA71">
<createdBy>logonrmlocal</createdBy>
<createdTime>2024-04-15 11:00:52 UTC</createdTime>
<ownerDesignName>exercicio5</ownerDesignName>
<engineerTo>
<item key="B4BAC5F2-AE1B-B69E-B974-FFA2552D3266" value="true"/>
</engineerTo>
<use>0</use>
<ownDataTypeParameters>,,</ownDataTypeParameters>
</Attribute>
<Attribute name="dt_nascimento" id="D35306D2-F047-922B-B785-69D5431AA1BE">
<createdBy>logonrmlocal</createdBy>
<createdTime>2024-04-15 11:01:00 UTC</createdTime>
<ownerDesignName>exercicio5</ownerDesignName>
<engineerTo>
<item key="B4BAC5F2-AE1B-B69E-B974-FFA2552D3266" value="true"/>
</engineerTo>
<use>0</use>
<ownDataTypeParameters>,,</ownDataTypeParameters>
</Attribute>
</attributes>
<identifiers itemClass="oracle.dbtools.crest.model.design.logical.CandidateKey">
<identifier id="30327AB2-D62A-3D64-AC5F-0886BBF6F33E" name="ALUNOS PK">
<createdBy>logonrmlocal</createdBy>
<createdTime>2024-04-15 11:00:34 UTC</createdTime>
<ownerDesignName>exercicio5</ownerDesignName>
<engineerTo>
<item key="B4BAC5F2-AE1B-B69E-B974-FFA2552D3266" value="true"/>
</engineerTo>
<pk>true</pk>
<usedAttributes>
<attributeRef>367F49A2-EF40-BE02-3AE1-213714558AD6</attributeRef>
</usedAttributes>
</identifier>
</identifiers>
</Entity>