<?xml version = '1.0' encoding = 'UTF-8'?>
<Entity class="oracle.dbtools.crest.model.design.logical.Entity" directorySegmentName="seg_0" id="DE138438-E1F1-1A2F-47ED-40495179F51A" name="LIVROS">
<createdBy>logonrmlocal</createdBy>
<createdTime>2024-04-15 11:07:13 UTC</createdTime>
<ownerDesignName>exercicio5</ownerDesignName>
<engineerTo>
<item key="B4BAC5F2-AE1B-B69E-B974-FFA2552D3266" value="true"/>
</engineerTo>
<adequatelyNormalized>NO</adequatelyNormalized>
<expectedVolumes>0</expectedVolumes>
<fwdEngineeringStrategyName>Single Table</fwdEngineeringStrategyName>
<growthPercent>0</growthPercent>
<growthType>Year</growthType>
<maxVolumes>9999999</maxVolumes>
<minVolumes>0</minVolumes>
<normalForm>Third</normalForm>
<attributes itemClass="oracle.dbtools.crest.model.design.logical.Attribute">
<Attribute name="cod_livro" id="4672EE05-DAFC-FCC2-1954-277E3A26871B">
<createdBy>logonrmlocal</createdBy>
<createdTime>2024-04-15 11:07:20 UTC</createdTime>
<ownerDesignName>exercicio5</ownerDesignName>
<engineerTo>
<item key="B4BAC5F2-AE1B-B69E-B974-FFA2552D3266" value="true"/>
</engineerTo>
<use>0</use>
<ownDataTypeParameters>,,</ownDataTypeParameters>
</Attribute>
<Attribute name="titulo" id="116B43F2-5190-EEB4-B75F-DBFE46437E8E">
<createdBy>logonrmlocal</createdBy>
<createdTime>2024-04-15 11:07:36 UTC</createdTime>
<ownerDesignName>exercicio5</ownerDesignName>
<engineerTo>
<item key="B4BAC5F2-AE1B-B69E-B974-FFA2552D3266" value="true"/>
</engineerTo>
<use>0</use>
<ownDataTypeParameters>,,</ownDataTypeParameters>
</Attribute>
<Attribute name="qtd" id="1FD7C160-795C-E77C-77C6-FCE8DCD2A52B">
<createdBy>logonrmlocal</createdBy>
<createdTime>2024-04-15 11:07:49 UTC</createdTime>
<ownerDesignName>exercicio5</ownerDesignName>
<engineerTo>
<item key="B4BAC5F2-AE1B-B69E-B974-FFA2552D3266" value="true"/>
</engineerTo>
<use>0</use>
<ownDataTypeParameters>,,</ownDataTypeParameters>
</Attribute>
</attributes>
<identifiers itemClass="oracle.dbtools.crest.model.design.logical.CandidateKey">
<identifier id="76D9C81F-7DC4-B0CB-32B6-24DE05EF96DC" name="LIVROS PK">
<createdBy>logonrmlocal</createdBy>
<createdTime>2024-04-15 11:07:30 UTC</createdTime>
<ownerDesignName>exercicio5</ownerDesignName>
<engineerTo>
<item key="B4BAC5F2-AE1B-B69E-B974-FFA2552D3266" value="true"/>
</engineerTo>
<pk>true</pk>
<usedAttributes>
<attributeRef>4672EE05-DAFC-FCC2-1954-277E3A26871B</attributeRef>
</usedAttributes>
</identifier>
</identifiers>
</Entity>