<?xml version = '1.0' encoding = 'UTF-8'?>
<Table class="oracle.dbtools.crest.model.design.relational.Table" directorySegmentName="seg_0" id="10AD34D2-E258-76F8-39C1-0DAEFF427FD1" name="COMANDAS">
<createdBy>logonrmlocal</createdBy>
<createdTime>2024-04-22 12:15:31 UTC</createdTime>
<generatorID>4F4822EF-8D72-749C-E92E-8A95F6FD51FA</generatorID>
<ownerDesignName>EX1CAP5</ownerDesignName>
<allowColumnReorder>false</allowColumnReorder>
<existDependencyGenerateInDDl>true</existDependencyGenerateInDDl>
<parsed>true</parsed>
<columns itemClass="oracle.dbtools.crest.model.design.relational.Column">
<Column name="cod_comanda" id="76578B6D-4DA5-DEA2-FAEA-4E5D3C8ABB14">
<createdBy>logonrmlocal</createdBy>
<createdTime>2024-04-22 12:15:31 UTC</createdTime>
<generatorID>CAB888C6-2455-02D2-DEE9-6660165C6801</generatorID>
<ownerDesignName>EX1CAP5</ownerDesignName>
<use>0</use>
<ownDataTypeParameters>,,</ownDataTypeParameters>
<autoIncrementCycle>false</autoIncrementCycle>
</Column>
<Column name="num_pratos_e_quantidades" id="58BCF26A-B78B-5C15-990F-9033A929E3A1">
<createdBy>logonrmlocal</createdBy>
<createdTime>2024-04-22 12:15:31 UTC</createdTime>
<generatorID>008E99BF-7AB7-5855-DEC9-0EC8C9955E5F</generatorID>
<ownerDesignName>EX1CAP5</ownerDesignName>
<use>0</use>
<ownDataTypeParameters>,,</ownDataTypeParameters>
<autoIncrementCycle>false</autoIncrementCycle>
</Column>
<Column name="CLIENTES_cod_cliente" id="00A2D126-4A1D-D636-DB4A-760AAD37726C">
<createdBy>logonrmlocal</createdBy>
<createdTime>2024-04-22 12:15:31 UTC</createdTime>
<generatorID>81227284-D2B1-8EDA-C855-7FFB251B0540</generatorID>
<ownerDesignName>EX1CAP5</ownerDesignName>
<use>0</use>
<ownDataTypeParameters>,,</ownDataTypeParameters>
<previousColumn>false</previousColumn>
<autoIncrementCycle>false</autoIncrementCycle>
<associations>
<colAssociation fkAssociation="AA0753DC-6036-C384-53F2-952109B2BA9B" referredColumn="FB737B28-AF46-29E0-056E-0B7C2196A262"/>
</associations>
</Column>
</columns>
<indexes itemClass="oracle.dbtools.crest.model.design.relational.Index">
<ind_PK_UK id="629955A6-69BE-E439-1A42-0E3C8ADEA9A2" name="COMANDAS_PK">
<createdBy>logonrmlocal</createdBy>
<createdTime>2024-04-22 12:15:31 UTC</createdTime>
<generatorID>BA64F8C2-DDDD-3EB3-EC3F-7597839BA50D</generatorID>
<ownerDesignName>EX1CAP5</ownerDesignName>
<pk>true</pk>
<indexState>Primary Constraint</indexState>
<isSurrogateKey>false</isSurrogateKey>
<indexColumnUsage>
<colUsage columnID="76578B6D-4DA5-DEA2-FAEA-4E5D3C8ABB14"/>
</indexColumnUsage>
</ind_PK_UK>
<ind_PK_UK id="9F46D34E-9BD9-8D71-F90B-E931E2DE5A69" name="COMANDAS_CLIENTES_FK">
<createdBy>logonrmlocal</createdBy>
<createdTime>2024-04-22 12:15:31 UTC</createdTime>
<generatorID>EB69297F-2711-2ABD-6D04-75A1D6B8D3AC</generatorID>
<ownerDesignName>EX1CAP5</ownerDesignName>
<indexState>Foreign Key</indexState>
<isSurrogateKey>false</isSurrogateKey>
<indexColumnUsage>
<colUsage columnID="00A2D126-4A1D-D636-DB4A-760AAD37726C"/>
</indexColumnUsage>
</ind_PK_UK>
</indexes>
</Table>