<?xml version = '1.0' encoding = 'UTF-8'?>
<Table class="oracle.dbtools.crest.model.design.relational.Table" directorySegmentName="seg_0" id="64ACD44F-D6FF-F2FB-CE88-5885AFF65575" name="PRATOS">
<createdBy>logonrmlocal</createdBy>
<createdTime>2024-04-22 12:15:31 UTC</createdTime>
<generatorID>4062D358-DA12-19D7-83AD-18CD2EF4470E</generatorID>
<ownerDesignName>EX1CAP5</ownerDesignName>
<allowColumnReorder>false</allowColumnReorder>
<existDependencyGenerateInDDl>true</existDependencyGenerateInDDl>
<parsed>true</parsed>
<columns itemClass="oracle.dbtools.crest.model.design.relational.Column">
<Column name="cod_prato" id="8A343A74-4683-E9D2-051D-F25A422FA52F">
<createdBy>logonrmlocal</createdBy>
<createdTime>2024-04-22 12:15:31 UTC</createdTime>
<generatorID>7BAC62EC-1BB5-2A6B-D152-6BFCA6E4C1EE</generatorID>
<ownerDesignName>EX1CAP5</ownerDesignName>
<use>0</use>
<ownDataTypeParameters>,,</ownDataTypeParameters>
<autoIncrementCycle>false</autoIncrementCycle>
</Column>
<Column name="nome" id="BDC3E756-4987-8E5C-FC4E-30762EBC2AA8">
<createdBy>logonrmlocal</createdBy>
<createdTime>2024-04-22 12:15:31 UTC</createdTime>
<generatorID>37E22302-BE3F-B015-3DC2-1E540E31B019</generatorID>
<ownerDesignName>EX1CAP5</ownerDesignName>
<use>0</use>
<ownDataTypeParameters>,,</ownDataTypeParameters>
<autoIncrementCycle>false</autoIncrementCycle>
</Column>
<Column name="valor" id="C76B4085-DCB7-3DC9-489B-220AE4CA43CC">
<createdBy>logonrmlocal</createdBy>
<createdTime>2024-04-22 12:15:31 UTC</createdTime>
<generatorID>83C478DE-072D-F809-435E-930916F36696</generatorID>
<ownerDesignName>EX1CAP5</ownerDesignName>
<use>0</use>
<ownDataTypeParameters>,,</ownDataTypeParameters>
<autoIncrementCycle>false</autoIncrementCycle>
</Column>
</columns>
<indexes itemClass="oracle.dbtools.crest.model.design.relational.Index">
<ind_PK_UK id="F030D970-B136-E48C-97EB-05FB88DF611C" name="PRATOS_PK">
<createdBy>logonrmlocal</createdBy>
<createdTime>2024-04-22 12:15:31 UTC</createdTime>
<generatorID>ECAB9F13-45A9-0AA2-A035-D930AA611A18</generatorID>
<ownerDesignName>EX1CAP5</ownerDesignName>
<pk>true</pk>
<indexState>Primary Constraint</indexState>
<isSurrogateKey>false</isSurrogateKey>
<indexColumnUsage>
<colUsage columnID="8A343A74-4683-E9D2-051D-F25A422FA52F"/>
</indexColumnUsage>
</ind_PK_UK>
</indexes>
</Table>