<?xml version = '1.0' encoding = 'UTF-8'?>
<Table class="oracle.dbtools.crest.model.design.relational.Table" directorySegmentName="seg_0" id="6D081318-201B-49DF-82B6-A70AAE822409" name="CLIENTES">
<createdBy>logonrmlocal</createdBy>
<createdTime>2024-04-22 12:15:31 UTC</createdTime>
<generatorID>60985493-283C-329D-D0E3-D9A55BB25AE8</generatorID>
<ownerDesignName>EX1CAP5</ownerDesignName>
<allowColumnReorder>false</allowColumnReorder>
<existDependencyGenerateInDDl>true</existDependencyGenerateInDDl>
<parsed>true</parsed>
<columns itemClass="oracle.dbtools.crest.model.design.relational.Column">
<Column name="cod_cliente" id="FB737B28-AF46-29E0-056E-0B7C2196A262">
<createdBy>logonrmlocal</createdBy>
<createdTime>2024-04-22 12:15:31 UTC</createdTime>
<generatorID>DD0DF63F-AF86-C33F-1B67-8FA03B3A82DD</generatorID>
<ownerDesignName>EX1CAP5</ownerDesignName>
<use>0</use>
<ownDataTypeParameters>,,</ownDataTypeParameters>
<autoIncrementCycle>false</autoIncrementCycle>
</Column>
<Column name="primeiro_nome" id="34B45F2E-DFC6-6ADA-7C3C-8577D9EDD117">
<createdBy>logonrmlocal</createdBy>
<createdTime>2024-04-22 12:15:31 UTC</createdTime>
<generatorID>BFA4DBB7-DA19-4D17-DA31-57F471E62FF2</generatorID>
<ownerDesignName>EX1CAP5</ownerDesignName>
<use>0</use>
<ownDataTypeParameters>,,</ownDataTypeParameters>
<autoIncrementCycle>false</autoIncrementCycle>
</Column>
<Column name="sobrenome" id="6ACC13EC-66DF-7B53-381E-9475429716CB">
<createdBy>logonrmlocal</createdBy>
<createdTime>2024-04-22 12:15:31 UTC</createdTime>
<generatorID>1CAC49BD-F482-077F-5C88-CEB38B230454</generatorID>
<ownerDesignName>EX1CAP5</ownerDesignName>
<use>0</use>
<ownDataTypeParameters>,,</ownDataTypeParameters>
<autoIncrementCycle>false</autoIncrementCycle>
</Column>
<Column name="endereco" id="36FF7072-43D2-EC41-49FC-84364DCFC145">
<createdBy>logonrmlocal</createdBy>
<createdTime>2024-04-22 12:15:31 UTC</createdTime>
<generatorID>FF9A8667-AB94-69AA-AC7D-FB91BA8594C6</generatorID>
<ownerDesignName>EX1CAP5</ownerDesignName>
<use>0</use>
<ownDataTypeParameters>,,</ownDataTypeParameters>
<autoIncrementCycle>false</autoIncrementCycle>
</Column>
<Column name="ref_endereco" id="C79E7967-6B46-4D20-14B0-14DB34EED6DD">
<createdBy>logonrmlocal</createdBy>
<createdTime>2024-04-22 12:15:31 UTC</createdTime>
<generatorID>636B301A-37B5-CEDE-8C3F-4B5A9FDB9E7C</generatorID>
<ownerDesignName>EX1CAP5</ownerDesignName>
<nullsAllowed>true</nullsAllowed>
<use>0</use>
<ownDataTypeParameters>,,</ownDataTypeParameters>
<autoIncrementCycle>false</autoIncrementCycle>
</Column>
<Column name="telefone" id="491AA88F-2768-D15D-4EC8-FC635038DCCF">
<createdBy>logonrmlocal</createdBy>
<createdTime>2024-04-22 12:15:31 UTC</createdTime>
<generatorID>D72219A1-364C-5049-4AB1-A4F77D31E91F</generatorID>
<ownerDesignName>EX1CAP5</ownerDesignName>
<use>0</use>
<ownDataTypeParameters>,,</ownDataTypeParameters>
<autoIncrementCycle>false</autoIncrementCycle>
</Column>
</columns>
<indexes itemClass="oracle.dbtools.crest.model.design.relational.Index">
<ind_PK_UK id="12835CDF-001A-F525-24F0-E33DCB539FD5" name="CLIENTES_PK">
<createdBy>logonrmlocal</createdBy>
<createdTime>2024-04-22 12:15:31 UTC</createdTime>
<generatorID>6E9E9AA4-2157-0082-E6B8-430A000098D0</generatorID>
<ownerDesignName>EX1CAP5</ownerDesignName>
<pk>true</pk>
<indexState>Primary Constraint</indexState>
<isSurrogateKey>false</isSurrogateKey>
<indexColumnUsage>
<colUsage columnID="FB737B28-AF46-29E0-056E-0B7C2196A262"/>
</indexColumnUsage>
</ind_PK_UK>
</indexes>
</Table>