<?xml version = '1.0' encoding = 'UTF-8'?>
<Table class="oracle.dbtools.crest.model.design.relational.Table" directorySegmentName="seg_0" id="904D9DD7-1030-D6F8-DAD2-7567CC84AF35" name="CARDAPIO_PRATOS">
<createdBy>logonrmlocal</createdBy>
<createdTime>2024-04-22 12:15:31 UTC</createdTime>
<generatorID>AE4B5A71-932C-3104-1883-835309C7FD4E</generatorID>
<ownerDesignName>EX1CAP5</ownerDesignName>
<allowColumnReorder>false</allowColumnReorder>
<existDependencyGenerateInDDl>true</existDependencyGenerateInDDl>
<parsed>true</parsed>
<columns itemClass="oracle.dbtools.crest.model.design.relational.Column">
<Column name="PRATOS_cod_prato" id="95A1F0CC-BFA2-06A8-66DC-32F27CC0A7F7">
<createdBy>logonrmlocal</createdBy>
<createdTime>2024-04-22 12:15:31 UTC</createdTime>
<generatorID>79CD2C55-02B5-0219-6113-2834F012D84C</generatorID>
<ownerDesignName>EX1CAP5</ownerDesignName>
<use>0</use>
<ownDataTypeParameters>,,</ownDataTypeParameters>
<previousColumn>false</previousColumn>
<autoIncrementCycle>false</autoIncrementCycle>
<associations>
<colAssociation fkAssociation="DB4DCEAE-FBDB-7172-BF59-2B894A26CCB3" referredColumn="8A343A74-4683-E9D2-051D-F25A422FA52F"/>
</associations>
</Column>
<Column name="CARDAPIOS_cod_cardapio" id="742F0FE3-82C8-087E-9689-FF1D7A1F0363">
<createdBy>logonrmlocal</createdBy>
<createdTime>2024-04-22 12:15:31 UTC</createdTime>
<generatorID>DF5F2F20-56C0-5634-7A8F-D15C1E76FE7D</generatorID>
<ownerDesignName>EX1CAP5</ownerDesignName>
<use>0</use>
<ownDataTypeParameters>,,</ownDataTypeParameters>
<previousColumn>false</previousColumn>
<autoIncrementCycle>false</autoIncrementCycle>
<associations>
<colAssociation fkAssociation="D12C9616-8DCE-3728-26A3-75129CE32A18" referredColumn="9AAB433E-0685-75AA-9BAC-2BB33A29C2BE"/>
</associations>
</Column>
</columns>
<indexes itemClass="oracle.dbtools.crest.model.design.relational.Index">
<ind_PK_UK id="581DF603-8D31-C2B1-888A-D1ECC8817D2C" name="CARDAPIO_PRATOS_PK">
<createdBy>logonrmlocal</createdBy>
<createdTime>2024-04-22 12:15:31 UTC</createdTime>
<generatorID>AF4A62B3-D1BD-104A-5167-8C86DC3402EB</generatorID>
<ownerDesignName>EX1CAP5</ownerDesignName>
<pk>true</pk>
<indexState>Primary Constraint</indexState>
<isSurrogateKey>false</isSurrogateKey>
<indexColumnUsage>
<colUsage columnID="95A1F0CC-BFA2-06A8-66DC-32F27CC0A7F7"/>
<colUsage columnID="742F0FE3-82C8-087E-9689-FF1D7A1F0363"/>
</indexColumnUsage>
</ind_PK_UK>
<ind_PK_UK id="EBC2CCBC-9896-B329-2AB9-783787C92DFB" name="CARDAPIO_PRATOS_PRATOS_FK">
<createdBy>logonrmlocal</createdBy>
<createdTime>2024-04-22 12:15:31 UTC</createdTime>
<generatorID>8580C53C-73B3-0DE3-DE67-62E5665EEC5F</generatorID>
<ownerDesignName>EX1CAP5</ownerDesignName>
<indexState>Foreign Key</indexState>
<isSurrogateKey>false</isSurrogateKey>
<indexColumnUsage>
<colUsage columnID="95A1F0CC-BFA2-06A8-66DC-32F27CC0A7F7"/>
</indexColumnUsage>
</ind_PK_UK>
<ind_PK_UK id="F17381FE-E40D-2568-C1C6-AE714F14D597" name="CARDAPIO_PRATOS_CARDAPIOS_FK">
<createdBy>logonrmlocal</createdBy>
<createdTime>2024-04-22 12:15:31 UTC</createdTime>
<generatorID>A9222B55-3A9E-FC11-7982-9AF67A5A0300</generatorID>
<ownerDesignName>EX1CAP5</ownerDesignName>
<indexState>Foreign Key</indexState>
<isSurrogateKey>false</isSurrogateKey>
<indexColumnUsage>
<colUsage columnID="742F0FE3-82C8-087E-9689-FF1D7A1F0363"/>
</indexColumnUsage>
</ind_PK_UK>
</indexes>
</Table>