<?xml version = '1.0' encoding = 'UTF-8'?>
<Table class="oracle.dbtools.crest.model.design.relational.Table" directorySegmentName="seg_0" id="BA30A063-6F6E-EDF4-9D3B-E190AADCA6AE" name="CARDAPIOS">
<createdBy>logonrmlocal</createdBy>
<createdTime>2024-04-22 12:15:31 UTC</createdTime>
<generatorID>3239BD96-BF7D-0B5F-F886-2AF14B72BBBE</generatorID>
<ownerDesignName>EX1CAP5</ownerDesignName>
<allowColumnReorder>false</allowColumnReorder>
<existDependencyGenerateInDDl>true</existDependencyGenerateInDDl>
<parsed>true</parsed>
<columns itemClass="oracle.dbtools.crest.model.design.relational.Column">
<Column name="cod_cardapio" id="9AAB433E-0685-75AA-9BAC-2BB33A29C2BE">
<createdBy>logonrmlocal</createdBy>
<createdTime>2024-04-22 12:15:31 UTC</createdTime>
<generatorID>7233BE7F-EEC3-6B17-EB40-FDA045072A72</generatorID>
<ownerDesignName>EX1CAP5</ownerDesignName>
<use>0</use>
<ownDataTypeParameters>,,</ownDataTypeParameters>
<autoIncrementCycle>false</autoIncrementCycle>
</Column>
<Column name="nome" id="44B1D409-DBBF-BD89-D0FF-EF9F5AF8D1BD">
<createdBy>logonrmlocal</createdBy>
<createdTime>2024-04-22 12:15:31 UTC</createdTime>
<generatorID>997FBFC0-2F1D-815C-5646-324096312B3E</generatorID>
<ownerDesignName>EX1CAP5</ownerDesignName>
<use>0</use>
<ownDataTypeParameters>,,</ownDataTypeParameters>
<autoIncrementCycle>false</autoIncrementCycle>
</Column>
<Column name="descricao_prato" id="2D968B08-8BAC-82FE-5DE2-D074DB86B5C4">
<createdBy>logonrmlocal</createdBy>
<createdTime>2024-04-22 12:15:31 UTC</createdTime>
<generatorID>CE1DB2FA-41B3-807E-8D2D-9F6EF0EAAA8C</generatorID>
<ownerDesignName>EX1CAP5</ownerDesignName>
<use>0</use>
<ownDataTypeParameters>,,</ownDataTypeParameters>
<autoIncrementCycle>false</autoIncrementCycle>
</Column>
<Column name="preco" id="CF4E7D0F-DDCA-D7AF-B1AE-1C05A31B0827">
<createdBy>logonrmlocal</createdBy>
<createdTime>2024-04-22 12:15:31 UTC</createdTime>
<generatorID>69F82051-6E2F-BF90-6A56-DC34F58AC469</generatorID>
<ownerDesignName>EX1CAP5</ownerDesignName>
<use>0</use>
<ownDataTypeParameters>,,</ownDataTypeParameters>
<autoIncrementCycle>false</autoIncrementCycle>
</Column>
<Column name="dt_ultima_alteracao_preco" id="F53B778C-99BB-673F-E007-16DDC0F6DCE2">
<createdBy>logonrmlocal</createdBy>
<createdTime>2024-04-22 12:15:31 UTC</createdTime>
<generatorID>4779DA75-D6CB-726A-2FF8-C65D006AB41A</generatorID>
<ownerDesignName>EX1CAP5</ownerDesignName>
<use>0</use>
<ownDataTypeParameters>,,</ownDataTypeParameters>
<autoIncrementCycle>false</autoIncrementCycle>
</Column>
</columns>
<indexes itemClass="oracle.dbtools.crest.model.design.relational.Index">
<ind_PK_UK id="525989CA-EDDD-BAAD-2715-BDF098E262AB" name="CARDAPIOS_PK">
<createdBy>logonrmlocal</createdBy>
<createdTime>2024-04-22 12:15:31 UTC</createdTime>
<generatorID>83564206-17BA-B507-FD81-3854F3AA6FC2</generatorID>
<ownerDesignName>EX1CAP5</ownerDesignName>
<pk>true</pk>
<indexState>Primary Constraint</indexState>
<isSurrogateKey>false</isSurrogateKey>
<indexColumnUsage>
<colUsage columnID="9AAB433E-0685-75AA-9BAC-2BB33A29C2BE"/>
</indexColumnUsage>
</ind_PK_UK>
</indexes>
</Table>