<?xml version = '1.0' encoding = 'UTF-8'?>
<Entity class="oracle.dbtools.crest.model.design.logical.Entity" directorySegmentName="seg_0" id="6BB1A113-5F71-0F38-A59B-61BB32E1805B" name="EMPREGADOS">
<createdBy>logonrmlocal</createdBy>
<createdTime>2024-04-01 12:28:54 UTC</createdTime>
<ownerDesignName>primeiroProjeto</ownerDesignName>
<engineerTo>
<item key="DABAFA68-E5E0-2873-70E6-89815981175C" value="true"/>
</engineerTo>
<adequatelyNormalized>NO</adequatelyNormalized>
<expectedVolumes>0</expectedVolumes>
<fwdEngineeringStrategyName>Single Table</fwdEngineeringStrategyName>
<growthPercent>0</growthPercent>
<growthType>Year</growthType>
<maxVolumes>9999999</maxVolumes>
<minVolumes>0</minVolumes>
<normalForm>Third</normalForm>
<attributes itemClass="oracle.dbtools.crest.model.design.logical.Attribute">
<Attribute name="cod_emp" id="F72429F8-2D8E-4AD0-F062-2EC7FF76A2C0">
<createdBy>logonrmlocal</createdBy>
<createdTime>2024-04-01 12:29:04 UTC</createdTime>
<ownerDesignName>primeiroProjeto</ownerDesignName>
<engineerTo>
<item key="DABAFA68-E5E0-2873-70E6-89815981175C" value="true"/>
</engineerTo>
<use>0</use>
<ownDataTypeParameters>,,</ownDataTypeParameters>
</Attribute>
<Attribute name="nome" id="B00147A7-1544-DD7A-CCDD-68E81AD75A50">
<createdBy>logonrmlocal</createdBy>
<createdTime>2024-04-01 12:29:15 UTC</createdTime>
<ownerDesignName>primeiroProjeto</ownerDesignName>
<engineerTo>
<item key="DABAFA68-E5E0-2873-70E6-89815981175C" value="true"/>
</engineerTo>
<use>0</use>
<ownDataTypeParameters>,,</ownDataTypeParameters>
</Attribute>
<Attribute name="sobrenome" id="AFEDB341-70AA-36C8-C619-9BF3EC126447">
<createdBy>logonrmlocal</createdBy>
<createdTime>2024-04-01 12:29:23 UTC</createdTime>
<ownerDesignName>primeiroProjeto</ownerDesignName>
<engineerTo>
<item key="DABAFA68-E5E0-2873-70E6-89815981175C" value="true"/>
</engineerTo>
<use>0</use>
<ownDataTypeParameters>,,</ownDataTypeParameters>
</Attribute>
<Attribute name="dt_contratacao" id="9B76A7AD-2CFC-77CE-45D8-3B873E478FBE">
<createdBy>logonrmlocal</createdBy>
<createdTime>2024-04-01 12:29:32 UTC</createdTime>
<ownerDesignName>primeiroProjeto</ownerDesignName>
<engineerTo>
<item key="DABAFA68-E5E0-2873-70E6-89815981175C" value="true"/>
</engineerTo>
<use>0</use>
<ownDataTypeParameters>,,</ownDataTypeParameters>
</Attribute>
<Attribute name="salario" id="3E80CE4D-F49B-404B-A0DD-1A09B1F783CA">
<createdBy>logonrmlocal</createdBy>
<createdTime>2024-04-01 12:29:43 UTC</createdTime>
<ownerDesignName>primeiroProjeto</ownerDesignName>
<engineerTo>
<item key="DABAFA68-E5E0-2873-70E6-89815981175C" value="true"/>
</engineerTo>
<use>0</use>
<ownDataTypeParameters>,,</ownDataTypeParameters>
</Attribute>
</attributes>
<identifiers itemClass="oracle.dbtools.crest.model.design.logical.CandidateKey">
<identifier id="569B4D98-2999-4BF4-1F12-39BABA03E08D" name="EMPREGADOS PK">
<createdBy>logonrmlocal</createdBy>
<createdTime>2024-04-01 12:29:13 UTC</createdTime>
<ownerDesignName>primeiroProjeto</ownerDesignName>
<engineerTo>
<item key="DABAFA68-E5E0-2873-70E6-89815981175C" value="true"/>
</engineerTo>
<pk>true</pk>
<usedAttributes>
<attributeRef>F72429F8-2D8E-4AD0-F062-2EC7FF76A2C0</attributeRef>
</usedAttributes>
</identifier>
</identifiers>
</Entity>