<?xml version = '1.0' encoding = 'UTF-8'?>
<Entity class="oracle.dbtools.crest.model.design.logical.Entity" directorySegmentName="seg_0" id="A2CB454A-3A52-B1E5-6ABC-F37FD28F2C02" name="DEPARTAMENTOS">
<createdBy>logonrmlocal</createdBy>
<createdTime>2024-04-01 12:21:14 UTC</createdTime>
<ownerDesignName>primeiroProjeto</ownerDesignName>
<engineerTo>
<item key="DABAFA68-E5E0-2873-70E6-89815981175C" value="true"/>
</engineerTo>
<adequatelyNormalized>NO</adequatelyNormalized>
<expectedVolumes>0</expectedVolumes>
<fwdEngineeringStrategyName>Single Table</fwdEngineeringStrategyName>
<growthPercent>0</growthPercent>
<growthType>Year</growthType>
<maxVolumes>9999999</maxVolumes>
<minVolumes>0</minVolumes>
<normalForm>Third</normalForm>
<attributes itemClass="oracle.dbtools.crest.model.design.logical.Attribute">
<Attribute name="cod_departamento" id="491B5FD2-7FF2-FFF6-4CA3-7FEE2182DF26">
<createdBy>logonrmlocal</createdBy>
<createdTime>2024-04-01 12:22:12 UTC</createdTime>
<ownerDesignName>primeiroProjeto</ownerDesignName>
<engineerTo>
<item key="DABAFA68-E5E0-2873-70E6-89815981175C" value="true"/>
</engineerTo>
<use>0</use>
<ownDataTypeParameters>,,</ownDataTypeParameters>
</Attribute>
<Attribute name="nome" id="5C542923-E029-2CB3-4F6B-4B103FA7C03A">
<createdBy>logonrmlocal</createdBy>
<createdTime>2024-04-01 12:23:27 UTC</createdTime>
<ownerDesignName>primeiroProjeto</ownerDesignName>
<engineerTo>
<item key="DABAFA68-E5E0-2873-70E6-89815981175C" value="true"/>
</engineerTo>
<use>0</use>
<ownDataTypeParameters>,,</ownDataTypeParameters>
</Attribute>
</attributes>
<identifiers itemClass="oracle.dbtools.crest.model.design.logical.CandidateKey">
<identifier id="FD9BF2DF-762B-C143-5884-F8C71D62DC22" name="DEPARTAMENTOS PK">
<createdBy>logonrmlocal</createdBy>
<createdTime>2024-04-01 12:22:44 UTC</createdTime>
<ownerDesignName>primeiroProjeto</ownerDesignName>
<engineerTo>
<item key="DABAFA68-E5E0-2873-70E6-89815981175C" value="true"/>
</engineerTo>
<pk>true</pk>
<usedAttributes>
<attributeRef>491B5FD2-7FF2-FFF6-4CA3-7FEE2182DF26</attributeRef>
</usedAttributes>
</identifier>
</identifiers>
</Entity>