<?xml version = '1.0' encoding = 'UTF-8'?>
<Entity class="oracle.dbtools.crest.model.design.logical.Entity" directorySegmentName="seg_0" id="FA287EDF-0B97-3E98-6173-9D085E7DB012" name="ATIVIDADES">
<createdBy>logonrmlocal</createdBy>
<createdTime>2024-04-01 12:27:02 UTC</createdTime>
<ownerDesignName>primeiroProjeto</ownerDesignName>
<engineerTo>
<item key="DABAFA68-E5E0-2873-70E6-89815981175C" value="true"/>
</engineerTo>
<adequatelyNormalized>NO</adequatelyNormalized>
<expectedVolumes>0</expectedVolumes>
<fwdEngineeringStrategyName>Single Table</fwdEngineeringStrategyName>
<growthPercent>0</growthPercent>
<growthType>Year</growthType>
<maxVolumes>9999999</maxVolumes>
<minVolumes>0</minVolumes>
<normalForm>Third</normalForm>
<attributes itemClass="oracle.dbtools.crest.model.design.logical.Attribute">
<Attribute name="cod_atv" id="23354BB4-9F6D-7225-A962-7229F7F86B19">
<createdBy>logonrmlocal</createdBy>
<createdTime>2024-04-01 12:27:12 UTC</createdTime>
<ownerDesignName>primeiroProjeto</ownerDesignName>
<engineerTo>
<item key="DABAFA68-E5E0-2873-70E6-89815981175C" value="true"/>
</engineerTo>
<use>0</use>
<ownDataTypeParameters>,,</ownDataTypeParameters>
</Attribute>
<Attribute name="descricao" id="8AF86207-220F-0FAF-C9B1-1673BF87A149">
<createdBy>logonrmlocal</createdBy>
<createdTime>2024-04-01 12:27:30 UTC</createdTime>
<ownerDesignName>primeiroProjeto</ownerDesignName>
<engineerTo>
<item key="DABAFA68-E5E0-2873-70E6-89815981175C" value="true"/>
</engineerTo>
<use>0</use>
<ownDataTypeParameters>,,</ownDataTypeParameters>
</Attribute>
<Attribute name="dt_ini" id="A7D06FF0-3395-60BB-3755-FB8F55F64690">
<createdBy>logonrmlocal</createdBy>
<createdTime>2024-04-01 12:27:44 UTC</createdTime>
<ownerDesignName>primeiroProjeto</ownerDesignName>
<engineerTo>
<item key="DABAFA68-E5E0-2873-70E6-89815981175C" value="true"/>
</engineerTo>
<use>0</use>
<ownDataTypeParameters>,,</ownDataTypeParameters>
</Attribute>
<Attribute name="dt_fim" id="E643B5B7-1DE4-ABFA-4A3C-731CD3374D59">
<createdBy>logonrmlocal</createdBy>
<createdTime>2024-04-01 12:28:04 UTC</createdTime>
<ownerDesignName>primeiroProjeto</ownerDesignName>
<engineerTo>
<item key="DABAFA68-E5E0-2873-70E6-89815981175C" value="true"/>
</engineerTo>
<nullsAllowed>true</nullsAllowed>
<use>0</use>
<ownDataTypeParameters>,,</ownDataTypeParameters>
</Attribute>
</attributes>
<identifiers itemClass="oracle.dbtools.crest.model.design.logical.CandidateKey">
<identifier id="BC552127-A757-B27E-F3A1-D52E83898CDE" name="ATIVIDADES PK">
<createdBy>logonrmlocal</createdBy>
<createdTime>2024-04-01 12:27:24 UTC</createdTime>
<ownerDesignName>primeiroProjeto</ownerDesignName>
<engineerTo>
<item key="DABAFA68-E5E0-2873-70E6-89815981175C" value="true"/>
</engineerTo>
<pk>true</pk>
<usedAttributes>
<attributeRef>23354BB4-9F6D-7225-A962-7229F7F86B19</attributeRef>
</usedAttributes>
</identifier>
</identifiers>
</Entity>