<?xml version = '1.0' encoding = 'UTF-8'?>
<Diagram class="oracle.dbtools.crest.swingui.logical.DPVLogical" name="Logical" id="C4BBCFF9-B9C8-C07B-CF96-4DD3BA723FC5">
<createdBy>logonrmlocal</createdBy>
<modifiedBy>logonrmlocal</modifiedBy>
<createdTime>2024-04-08 11:34:17 UTC</createdTime>
<autoRoute>false</autoRoute>
<boxInbox>true</boxInbox>
<showLegend>false</showLegend>
<showLabels>false</showLabels>
<showRelAttributes>false</showRelAttributes>
<gridEnabled>false</gridEnabled>
<showGrid>false</showGrid>
<diagramColor>-1</diagramColor>
<display>false</display>
<notation>1</notation>
<objectViews>
<OView class="oracle.dbtools.crest.swingui.logical.TVEntity" oid="4FAC480B-8448-FBA5-B62D-052FE3D752C9" otype="Entity" vid="BCB114B9-AF42-2FEB-C28C-8F309894DB06">
<hideElementsInCurrentOnly>false</hideElementsInCurrentOnly>
<bounds x="297" y="78" width="170" height="110"/>
</OView>
<OView class="oracle.dbtools.crest.swingui.logical.TVEntity" oid="501D106A-EA1F-AFD0-8D13-3C606B95A476" otype="Entity" vid="DF18B5BE-3612-BDDD-46BF-4A8D0B41DBA4">
<hideElementsInCurrentOnly>false</hideElementsInCurrentOnly>
<bounds x="35" y="57" width="170" height="110"/>
</OView>
<OView class="oracle.dbtools.crest.swingui.logical.TVEntity" oid="8D01719E-7927-3295-DEFA-6D04FA08096B" otype="Entity" vid="F2185931-3842-DAA5-F3BC-E89D51702CC8">
<hideElementsInCurrentOnly>false</hideElementsInCurrentOnly>
<bounds x="214" y="314" width="170" height="110"/>
</OView>
<OView class="oracle.dbtools.crest.swingui.logical.TVEntity" oid="B359CB4E-9AE0-6B02-2AE0-2AFF21F1B2B8" otype="Entity" vid="BF6FDD76-6676-2C2D-B28A-E97CA63FF519">
<hideElementsInCurrentOnly>false</hideElementsInCurrentOnly>
<bounds x="532" y="308" width="170" height="110"/>
</OView>
</objectViews>
<connectors>
<Connector class="oracle.dbtools.crest.swingui.logical.TVRelation" oid="4BC28374-AE00-06A1-79F5-145A78263D43" otype="Relation" vid_source="F2185931-3842-DAA5-F3BC-E89D51702CC8" vid_target="BCB114B9-AF42-2FEB-C28C-8F309894DB06">
<hideElementsInCurrentOnly>false</hideElementsInCurrentOnly>
<backgroundColor>-16777216</backgroundColor>
<lineWidth>1</lineWidth>
<points>
<point x="340" y="314"/>
<point x="340" y="188"/>
</points>
</Connector>
<Connector class="oracle.dbtools.crest.swingui.logical.TVRelation" oid="67E20E54-5FB3-8E35-0B69-6F8FDAF1B92D" otype="Relation" vid_source="DF18B5BE-3612-BDDD-46BF-4A8D0B41DBA4" vid_target="BCB114B9-AF42-2FEB-C28C-8F309894DB06">
<hideElementsInCurrentOnly>false</hideElementsInCurrentOnly>
<backgroundColor>-16777216</backgroundColor>
<lineWidth>1</lineWidth>
<points>
<point x="205" y="122"/>
<point x="297" y="122"/>
</points>
</Connector>
<Connector class="oracle.dbtools.crest.swingui.logical.TVRelation" oid="9970A738-4711-F834-39F4-EFE8077F608E" otype="Relation" vid_source="BF6FDD76-6676-2C2D-B28A-E97CA63FF519" vid_target="F2185931-3842-DAA5-F3BC-E89D51702CC8">
<hideElementsInCurrentOnly>false</hideElementsInCurrentOnly>
<backgroundColor>-16777216</backgroundColor>
<lineWidth>1</lineWidth>
<points>
<point x="532" y="366"/>
<point x="384" y="366"/>
</points>
</Connector>
</connectors>
</Diagram>