<?xml version = '1.0' encoding = 'UTF-8'?>
<Relation class="oracle.dbtools.crest.model.design.logical.Relation" name="Relation_3" directorySegmentName="seg_0" id="C4A120E1-F7C9-DB5F-1535-84A1CA7A2183">
<createdBy>logonrmlocal</createdBy>
<createdTime>2024-04-15 11:25:21 UTC</createdTime>
<ownerDesignName>exercicio5</ownerDesignName>
<engineerTo>
<item key="B4BAC5F2-AE1B-B69E-B974-FFA2552D3266" value="true"/>
</engineerTo>
<identifying>false</identifying>
<optionalSource>false</optionalSource>
<optionalTarget>false</optionalTarget>
<sourceCardinality>*</sourceCardinality>
<sourceEntity>DE138438-E1F1-1A2F-47ED-40495179F51A</sourceEntity>
<targetCardinalityString>*</targetCardinalityString>
<targetEntity>633AA86F-3FE3-830D-3B87-2BC2F4968B92</targetEntity>
<transferable>true</transferable>
<deleteRule>NO ACTION</deleteRule>
</Relation>