<?xml version = '1.0' encoding = 'UTF-8'?>
<Relation class="oracle.dbtools.crest.model.design.logical.Relation" name="Relation_1" directorySegmentName="seg_0" id="CAAC8380-3C36-9E39-6AC2-AAA49754FA26">
<createdBy>logonrmlocal</createdBy>
<createdTime>2024-04-15 11:21:35 UTC</createdTime>
<ownerDesignName>exercicio5</ownerDesignName>
<engineerTo>
<item key="B4BAC5F2-AE1B-B69E-B974-FFA2552D3266" value="true"/>
</engineerTo>
<sourcePk>30327AB2-D62A-3D64-AC5F-0886BBF6F33E</sourcePk>
<identifying>true</identifying>
<optionalSource>true</optionalSource>
<optionalTarget>false</optionalTarget>
<sourceCardinality>1</sourceCardinality>
<sourceEntity>80803B0D-BCA9-B347-03BC-130D58439553</sourceEntity>
<targetCardinalityString>*</targetCardinalityString>
<targetEntity>01AB95D4-973B-67A5-D968-7777B0060D44</targetEntity>
<transferable>true</transferable>
<deleteRule>NO ACTION</deleteRule>
</Relation>