<?xml version = '1.0' encoding = 'UTF-8'?>
<Relation class="oracle.dbtools.crest.model.design.logical.Relation" name="Relation_4" directorySegmentName="seg_0" id="EC1564E2-8233-DC7C-2420-1E580E799BA3">
<createdBy>logonrmlocal</createdBy>
<createdTime>2024-04-15 11:28:07 UTC</createdTime>
<ownerDesignName>exercicio5</ownerDesignName>
<engineerTo>
<item key="B4BAC5F2-AE1B-B69E-B974-FFA2552D3266" value="true"/>
</engineerTo>
<sourcePk>76D9C81F-7DC4-B0CB-32B6-24DE05EF96DC</sourcePk>
<identifying>true</identifying>
<optionalSource>true</optionalSource>
<optionalTarget>false</optionalTarget>
<sourceCardinality>1</sourceCardinality>
<sourceEntity>DE138438-E1F1-1A2F-47ED-40495179F51A</sourceEntity>
<targetCardinalityString>*</targetCardinalityString>
<targetEntity>01AB95D4-973B-67A5-D968-7777B0060D44</targetEntity>
<transferable>true</transferable>
<deleteRule>NO ACTION</deleteRule>
</Relation>