<?xml version = '1.0' encoding = 'UTF-8'?>
<Relation class="oracle.dbtools.crest.model.design.logical.Relation" name="Relation_3" directorySegmentName="seg_0" id="8580C53C-73B3-0DE3-DE67-62E5665EEC5F">
<createdBy>logonrmlocal</createdBy>
<createdTime>2024-04-22 12:01:23 UTC</createdTime>
<ownerDesignName>EX1CAP5</ownerDesignName>
<engineerTo>
<item key="DDD9378D-7CB1-B141-619B-1D4A8F065FBF" value="true"/>
</engineerTo>
<sourcePk>ECAB9F13-45A9-0AA2-A035-D930AA611A18</sourcePk>
<identifying>true</identifying>
<optionalSource>true</optionalSource>
<optionalTarget>false</optionalTarget>
<sourceCardinality>1</sourceCardinality>
<sourceEntity>4062D358-DA12-19D7-83AD-18CD2EF4470E</sourceEntity>
<targetCardinalityString>*</targetCardinalityString>
<targetEntity>AE4B5A71-932C-3104-1883-835309C7FD4E</targetEntity>
<transferable>true</transferable>
<deleteRule>NO ACTION</deleteRule>
</Relation>