<?xml version = '1.0' encoding = 'UTF-8'?>
<Relation class="oracle.dbtools.crest.model.design.logical.Relation" name="Relation_4" directorySegmentName="seg_0" id="A9222B55-3A9E-FC11-7982-9AF67A5A0300">
<createdBy>logonrmlocal</createdBy>
<createdTime>2024-04-22 12:01:38 UTC</createdTime>
<ownerDesignName>EX1CAP5</ownerDesignName>
<engineerTo>
<item key="DDD9378D-7CB1-B141-619B-1D4A8F065FBF" value="true"/>
</engineerTo>
<sourcePk>83564206-17BA-B507-FD81-3854F3AA6FC2</sourcePk>
<identifying>true</identifying>
<optionalSource>true</optionalSource>
<optionalTarget>false</optionalTarget>
<sourceCardinality>1</sourceCardinality>
<sourceEntity>3239BD96-BF7D-0B5F-F886-2AF14B72BBBE</sourceEntity>
<targetCardinalityString>*</targetCardinalityString>
<targetEntity>AE4B5A71-932C-3104-1883-835309C7FD4E</targetEntity>
<transferable>true</transferable>
<deleteRule>NO ACTION</deleteRule>
</Relation>