<?xml version = '1.0' encoding = 'UTF-8'?>
<Relation class="oracle.dbtools.crest.model.design.logical.Relation" name="Relation_2" directorySegmentName="seg_0" id="EB69297F-2711-2ABD-6D04-75A1D6B8D3AC">
<createdBy>logonrmlocal</createdBy>
<createdTime>2024-04-22 11:45:45 UTC</createdTime>
<ownerDesignName>EX1CAP5</ownerDesignName>
<engineerTo>
<item key="DDD9378D-7CB1-B141-619B-1D4A8F065FBF" value="true"/>
</engineerTo>
<sourcePk>6E9E9AA4-2157-0082-E6B8-430A000098D0</sourcePk>
<identifying>false</identifying>
<optionalSource>true</optionalSource>
<optionalTarget>false</optionalTarget>
<sourceCardinality>1</sourceCardinality>
<sourceEntity>60985493-283C-329D-D0E3-D9A55BB25AE8</sourceEntity>
<targetCardinalityString>*</targetCardinalityString>
<targetEntity>4F4822EF-8D72-749C-E92E-8A95F6FD51FA</targetEntity>
<transferable>true</transferable>
<deleteRule>NO ACTION</deleteRule>
</Relation>